Peptide,A19_17_PR3 active,A19_18_PR3 active,A19_19_PR3 active,1828_PR3 active,A19_22_PR3 active,A19_26_PR3 active,A20_1_PR3 active,A20_3_PR3 active,A20_21_PR3 active,A20_22_PR3 active,A20_25_PR3 active,A20_26_PR3 active,A20_33_PR3 active,A20_45_PR3 active,A20_52_PR3 active,A20_21_PR3 active,141_PR3 active,A21_3_PR3 active,A21_10_PR3 active,96_PR3 active,3_PR3 active,A21_1_PR3 active,A21_4_PR3 active,A21_12_PR3 active,A21_13_PR3 active,A21_6_PR3 active,A21_14_PR3 active,A20_40_PR3 active,A18_13_PR3 active,A21_16_PR3 active,A21_17_PR3 active,A21_18_PR3 active,A20_59_PR3 active,A20_60_PR3 active,A20_61_PR3 active,A20_62_PR3 active,A20_64_PR3 active,1318_PR3 active,A20_65_PR3 active,1758_PR3 active,A21_7_MPA active,A21_9_MPA active,A21_15_MPA active,A20_56_MPA active,A21_2_MPA active,A21_5_MPA active,A20_66_MPA active,1808_MPA active,A19_21_MPA active,A19_24_MPA active,A20_19_MPA active,A20_18_MPA active,A20_24_MPA active,A20_32_MPA active,A20_38_MPA active,A20_39_MPA active,A20_44_MPA active,A20_49_MPA active,A20_34_MPA active,A18_21_PR3 remission,1763_PR3 remission,A20_30_PR3 remission,A20_57_PR3 remission,A20_55_PR3 remission,A20_60_PR3 remission,A20_63_PR3 remission,A20_28_PR3 remission,1286_PR3 remission,A20_67_PR3 remission,A20_68_PR3 remission,A20_69_PR3 remission,3_PR3 remission,A19_20_PR3 remission,1826_PR3 remission,A20_20_PR3 remission,A18_1_PR3 remission,A20_27_PR3 remission,A18_10_PR3 remission,1726_PR3 remission,A19_25_PR3 remission,A20_35_PR3 remission,A18_14_PR3 remission,4_PR3 remission,A18_8_PR3 remission,1868_PR3 remission,A20_41_PR3 remission,A20_42_PR3 remission,A20_43_PR3 remission,1836_PR3 remission,A18_28_PR3 remission,A20_23_PR3 remission,1334_PR3 remission,A20_51_PR3 remission,1760_PR3 remission,1823_PR3 remission,1533_MPA Remission,A21_5_MPA Remission,A21_8_MPA Remission,1803_MPA Remission,A20_4_MPA Remission,A21_21_MPA Remission,A18_31_MPA Remission,A20_18_MPA Remission,1566_MPA Remission,A20_31_MPA Remission,A20_32_MPA Remission,1827_MPA Remission,A20_50_MPA Remission,A20_54_MPA Remission,A20_19_MPA Remission,HC01_HC,HC02_HC,HC03_HC,HC04_HC,HC05_HC,HC06_HC,HC07_HC,HC08_HC,HC09_HC,HC10_HC,HC11_HC,HC14_HC,HC15_HC,HC16_HC,HC17_HC,HC18_HC,HC19_HC,HC19_8_HC,HC20_HC,HC21_HC,HC22_HC,HC23_HC,HC24_HC,HC26_HC,HC27_HC,HC28_HC,HC29_HC,HC30_HC,HC31_HC,HC32_HC,HC33_HC,HC34_HC,HC36_HC,HC37_HC,HC38_HC,HC39_HC,HC40_HC,HC41_HC,HC42_HC,HC43_HC,HC44_HC,HC45_HC,HC46_HC,HC47_HC,HC48_HC,HC49_HC,HC50_HC,HC51_HC,HC35_HC,HC52_HC
A1GB_113 ,-0.271948934,-0.238544539,-0.245711073,-1.437134743,0.22983405,-0.544350564,-0.496549457,-0.472729415,-0.076432399,-0.489443094,0.003170453,-0.691988647,-0.667721808,0.191310018,-0.360860467,-0.275960952,-1.252225876,-0.558941543,-0.409086704,-0.563411713,-0.168122783,-0.070209026,-0.775712669,-1.024149776,-0.492890358,-0.88124156,-0.611534894,-0.729530871,-0.560217321,-0.573037505,-0.689427137,-0.218430474,-0.240929425,-0.623265028,-0.464942396,-1.440654993,-0.021950848,-0.791857362,-0.616834819,-0.278233677,-0.559154153,-1.105007768,-0.51354301,-0.848400891,-0.540568352,-0.555120945,-0.34263432,-0.722134292,-0.734083116,-0.81908834,-0.931810677,-0.42391324,-0.725708425,-0.26499781,-0.312580943,-0.584457695,-0.220614165,-0.347215295,-0.375010163,-0.746857822,-0.542668343,-0.385714203,-0.267600566,-0.809954107,-0.498790145,-0.846065044,-0.574325919,-0.23871468,-0.97596401,-0.514573216,-0.957075536,-0.117161356,-0.779917657,-0.565331697,-0.85412693,-0.380070537,-0.3344253,-0.357344598,-0.341902852,-0.556605518,-0.373514146,-0.271774709,-0.366987377,-0.270904064,-0.367359519,0.191562593,-0.588356853,-0.374635965,0.156525984,-0.514367104,0.049491301,-0.608672202,-0.352363169,-0.276659846,-0.067485243,-0.660178542,-0.25652808,-0.499809831,-0.574755549,-0.30721575,-1.123119593,-0.765621364,-0.139235809,-0.622154415,-0.561281383,0.203639701,-0.17266874,-0.53199017,-0.631064117,-0.564691424,-1.590744853,-0.820106864,-0.58618927,-0.489443094,-0.798366189,-0.685477495,-0.582728088,-0.735763907,-0.69548893,-1.109358788,-0.303471953,-0.431092352,-0.719993889,-0.89593178,-0.205064327,-0.306145132,-0.53847146,-0.136695817,-0.829305768,-0.578197777,-1.044836044,-1.238204122,-1.299382687,-0.955396116,-0.453241289,-0.480760038,-0.330066204,-0.34850055,-0.213905498,-0.418118596,-0.450675815,-0.261361867,-0.716196775,0.078609824,-0.793356717,0.095586963,-0.479753733,-0.236503437,-0.502668679,-0.87885195,-0.310074747,-0.19776538,-0.439676374,-0.644532621,-0.517874479,-0.394790202,-0.61043328,-0.692921221,-0.688961983,-0.752680004
AHSG_001 ,1.047468543,0.438399345,0.56812942,-0.020925846,1.174981594,0.770533025,-0.181640267,-0.370340347,1.343351007,1.042504191,0.935912311,-0.727857351,-0.315989166,0.796597719,-0.571107268,0.78131777,-0.445165634,-1.329884768,-1.369221687,0.588900447,0.697329044,-0.695956349,-0.99913466,-0.49817872,-0.203070015,-1.46753335,0.018919045,0.045862291,-0.047219124,0.275245428,-0.350154638,-0.736965537,-0.921663463,-0.745164156,-0.476136953,-1.06371069,0.329295844,-1.70087266,-0.832128346,0.394514114,0.825704277,-0.306680322,1.147892714,0.752748549,0.738119245,1.07190001,0.460375637,-0.196772963,0.797760069,0.253021061,0.150559694,-0.585323274,0.394404352,-0.069603287,0.244521782,0.384270877,0.738032758,0.349365324,0.479747951,0.907275259,0.739761651,1.266996384,1.62222755,0.922426224,0.761795878,1.183391213,0.725435734,1.442863941,0.809743702,1.138421297,0.989865601,1.080930591,0.804053605,0.691802204,0.239520311,0.985718966,0.851519167,0.814263284,0.981998801,1.210949779,1.009777188,1.240558624,1.015854359,1.302231312,1.440048575,1.040050745,1.083996177,1.305445313,0.68212384,1.341530323,1.541514874,0.463099241,0.978122413,0.873813212,1.437067866,0.458172023,1.432585359,0.975336671,1.020982146,1.271963477,0.3000651,0.668482304,0.194969609,0.660563648,0.97100085,1.147241592,0.790188193,0.921588659,1.325501561,0.210762888,0.675996542,1.304569364,1.289126158,1.096531749,0.766298294,0.851119339,0.591392219,0.90873611,0.346871853,0.493442357,1.025879264,0.569782734,1.26417613,0.784671485,1.020982146,0.680954397,0.491596609,0.973354101,0.509746492,1.686433315,0.981195092,1.411588907,0.971221626,1.41538012,1.424653411,1.526469469,1.346758366,0.788769186,1.427767038,1.778250575,1.376345992,1.167357922,0.873025715,1.303634644,0.727179885,1.24895978,1.190804482,1.052346349,0.795933127,0.239275843,0.966578126,0.764855683,0.77500838,0.619178236,0.748203576,0.841087461,1.124460578,0.589571714,1.007626176,0.337654024
ANGPT2_070 ,-10.11778736,-10.48035717,-10.96578407,-10.48035717,-8.828280449,-10.48035717,-10.96578407,-10.70275021,-11.2877121,-11.2877121,-11.2877121,-10.11778736,-10.70275021,-10.48035717,-10.70275021,-10.48035717,-11.2877121,-10.70275021,-9.48035717,-10.48035717,-10.70275021,-10.96578407,-11.2877121,-11.2877121,-10.96578407,-11.2877121,-10.96578407,-10.96578407,-11.2877121,-10.48035717,-10.70275021,-10.96578407,-10.96578407,-10.70275021,-10.96578407,-10.70275021,-11.70275021,-11.70275021,-10.70275021,-10.70275021,-11.2877121,-10.70275021,-10.70275021,-10.96578407,-10.96578407,-10.96578407,-10.96578407,-10.96578407,-10.96578407,-11.2877121,-10.70275021,-10.70275021,-10.96578407,-10.70275021,-10.96578407,-11.2877121,-11.2877121,-10.48035717,-10.96578407,-10.48035717,-10.96578407,-10.96578407,-10.96578407,-10.2877121,-10.96578407,-11.2877121,-10.70275021,-10.96578407,-10.96578407,-10.96578407,-11.2877121,-11.2877121,-11.70275021,-10.96578407,-11.2877121,-11.2877121,-10.96578407,-11.2877121,-11.2877121,-9.039784431,-11.2877121,-10.48035717,-10.96578407,-11.2877121,-10.70275021,-10.48035717,-10.96578407,-10.70275021,-10.70275021,-10.96578407,-10.70275021,-11.2877121,-10.70275021,-10.48035717,-10.2877121,-11.2877121,-10.96578407,-10.70275021,-10.96578407,-11.2877121,-10.96578407,-10.70275021,-10.96578407,-10.70275021,-11.2877121,-10.70275021,-11.2877121,-11.2877121,-9.828280449,-10.70275021,-10.96578407,-10.70275021,-11.2877121,-10.96578407,-10.96578407,-11.2877121,-10.96578407,-11.2877121,-10.96578407,-10.96578407,-11.2877121,-11.2877121,-11.2877121,-11.2877121,-11.2877121,-10.2877121,-11.2877121,-11.2877121,-10.96578407,-10.96578407,-10.96578407,-10.70275021,-10.70275021,-10.96578407,-11.2877121,-11.2877121,-11.2877121,-10.96578407,-10.70275021,-11.2877121,-11.2877121,-11.70275021,-10.70275021,-11.2877121,-11.70275021,-10.48035717,-10.96578407,-11.2877121,-10.96578407,-10.96578407,-10.70275021,-10.70275021,-10.96578407,-12.2877121,-10.48035717,-10.70275021,-10.96578407,-10.70275021,-11.2877121,-10.70275021
APMAP_005 ,-6.020925999,-6.392894745,-6.429731369,-7.861447811,-6.895394802,-6.748553753,-5.869859695,-6.947862148,-7.002310276,-7.221623421,-5.461163998,-8.287712097,-5.912672997,-6.480357647,-5.993091583,-7.243318081,-5.710283756,-7.200249672,-6.748553753,-7.221623421,-7.078258991,-7.795859337,-6.158429146,-6.429731369,-8.200249672,-5.956795216,-8.002309799,-6.658355713,-5.983931541,-6.417347908,-6.811978817,-6.878321171,-5.756330967,-6.345198154,-5.983931541,-7.405069351,-7.020925999,-7.137965202,-6.429731369,-5.687799454,-7.615286827,-6.020925999,-7.221623421,-6.912672997,-6.392894745,-7.965784073,-6.480357647,-7.243318081,-6.947862148,-6.643856049,-6.137965202,-7.078258991,-6.506352901,-7.078258991,-7.67300272,-6.67300272,-6.345198154,-6.546245098,-7.405069351,-7.895394802,-7.429731369,-6.895394802,-7.058893681,-7.020925999,-7.158429146,-7.058893681,-6.345198154,-5.461163998,-7.702749729,-7.137965202,-7.002310276,-6.67300272,-7.333516121,-7.137965202,-8.333516121,-6.947862148,-6.895394802,-6.844769001,-6.629500866,-7.058893681,-7.26534462,-6.687799454,-7.615286827,-6.930160522,-6.587272644,-6.356975079,-8.039784431,-7.861447811,-7.097887993,-7.702749729,-6.179187775,-6.573466778,-7.380821705,-6.030324459,-7.243318081,-6.983931541,-7.405069351,-6.480357647,-7.137965202,-6.912672997,-6.615286827,-7.965784073,-7.965784073,-7.002310276,-6.844769001,-7.287712574,-6.844769001,-6.493296623,-8.643856049,-6.861447811,-7.861447811,-8.158429146,-7.76415062,-7.058893681,-7.559792042,-8.76415062,-7.097887993,-7.179187775,-7.058893681,-6.795859337,-7.179187775,-7.480357647,-7.587272644,-7.733123779,-6.587272644,-7.158429146,-6.947862148,-7.429731369,-7.930160522,-6.828280926,-8.48035717,-8.002309799,-8.380822182,-8.48035717,-6.519527912,-7.45482254,-7.287712574,-7.506352901,-7.45482254,-7.179187775,-7.76415062,-6.26534462,-7.480357647,-6.844769001,-7.615286827,-6.930160522,-7.380821705,-6.392894745,-7.861447811,-7.480357647,-7.058893681,-6.895394802,-7.310432434,-8.532824516,-6.189680099,-6.717856884,-7.828280926,-6.733123779,-8.002309799,-7.405069351
APOB_111 ,-0.883369029,0.20326376,-0.441830397,-1.77595973,-0.66474539,-0.740576804,-0.16165328,-0.496753037,-0.013625489,-0.593354464,0.183708817,-0.518701017,0.094641514,0.377512544,0.622930288,0.514198005,0.328721613,-0.797864377,1.127303123,-0.216585264,-0.115128562,-1.600774288,-1.062504888,-0.330973208,-0.737687171,-1.706511736,-0.795608878,-0.437916338,-0.985930502,-0.021365032,-0.26465109,-1.214909911,-0.011442548,-0.75438261,-0.557666838,-0.840370834,-0.572822988,-0.916480243,-0.441634417,-0.245539993,-1.026498914,-0.363827795,0.288535774,-0.053493731,-0.282965213,-1.120294213,-1.166502714,-0.651314378,-0.259460986,-0.413499415,-0.470928729,-0.157624528,-0.748311162,-0.700403631,-1.240247607,-1.369221687,-0.585323274,-0.614182472,-0.734323025,-1.010134459,-0.846583724,-0.707925022,-0.110915899,-0.025323894,-0.43752557,-0.488835633,-0.26153475,0.649477541,-0.20822762,-1.185408592,-0.87885195,-0.15810737,-1.134160399,-0.344831377,-1.018585682,-0.519734919,-0.233786553,-0.916480243,-0.683854282,-0.183113605,-0.762436271,-0.413307369,-0.28824082,-0.488633156,0.281905979,-0.542458177,-0.519941807,-0.62749356,0.330787808,-0.297785759,0.17210348,0.428249627,-0.08497636,0.534958005,0.258699864,-1.20922792,-0.282789648,-1.637558222,-0.713355362,-0.956795454,-1.525745749,0.219586715,-0.529072702,-0.942584455,-0.034012586,-0.527200341,-0.420240521,-0.22836788,-1.326624513,-0.058893722,-0.861971974,-1.506352663,-0.822401047,-0.741782606,-0.947862327,-0.875407219,-0.35993439,-1.032979012,-0.365685582,-0.468930453,-0.510251582,-1.546666861,-1.051100135,-1.696657658,-0.388544351,-0.988790691,-1.195946455,-0.458386034,-1.262226701,-0.921663463,-0.518081129,-1.244343281,-1.219269872,-0.331880897,0.730487764,-0.389488876,0.270469159,-0.17935133,-0.388166606,0.009920342,-0.597932696,0.951289356,0.157173127,0.233029053,-0.217927009,-0.055441361,0.361543864,0.840040147,0.447632134,-0.461362511,0.312084287,-0.116222851,-0.262572855,-0.249479249,-0.85725987,-0.261880726,-0.237523571,-0.005782364,-0.533659995,-0.481968462
B2M_010 ,1.202135682,1.51475358,0.240985915,-0.385525703,0.162596777,0.196481168,1.266696572,2.319473505,-0.177881718,-1.103146911,-1.420819879,2.754053593,-0.52574569,2.00597477,0.779721975,-1.792356968,-0.526161134,-1.459972739,-1.157463551,0.660563648,-1.638905406,1.699507236,1.47747016,-0.901041567,0.468739748,0.215367988,0.810566545,-0.057241574,2.193077803,-0.875936627,0.355918437,0.828144133,1.043904424,-1.392894626,1.553163886,0.427927881,-1.72881341,1.671655774,0.359521151,1.107018232,-0.18951574,0.830174148,0.587460935,0.452068269,1.785383105,-0.765734136,1.958768487,0.893828213,1.104403734,1.811758757,0.239153594,1.025666833,-1.990222812,-0.758525908,0.596458077,0.078063317,-1.107181549,0.580724359,-0.023709726,0.219586715,-0.041120235,1.110430121,-3.272297382,0.014498137,-0.532407522,-0.297963142,0.297484875,0.685805619,-0.782397091,-2.11278677,-1.827256441,-1.44850862,-1.17690289,-1.835471153,-2.849960327,-1.738890409,-0.188200235,-1.21524477,-1.076736689,0.041523304,-0.214072853,-0.173970237,-0.560642898,-0.478748232,1.938887954,-0.831614673,-0.400682211,0.755314887,0.541217387,-0.497363865,-0.75438261,-1.521183491,-1.191656232,-1.955675721,-1.733123541,-0.412346989,1.202449083,-0.55131048,-0.150561109,0.891419172,0.045303237,-2.413499355,2.379454613,1.391217709,-3.36289978,-0.671623111,-1.070057511,-0.629724085,-2.602087498,1.419323087,-1.037413955,-0.99424082,-1.725947142,-1.771519899,-0.852042079,-1.302226186,-1.571750402,-0.15746358,-0.501034319,-0.663602412,-2.271600485,-6.210896969,-2.919205904,-2.790858507,-4.39592886,-3.36141634,-2.386091232,-3.337885618,-2.539519548,-2.408895016,-2.512925386,-1.402016044,-2.35919404,-0.186721593,-3.906169415,-1.159718037,-1.46753335,-1.542038083,-2.134793758,-1.187049985,-1.585539699,-1.180822372,-2.444576502,-2.769059181,-2.85412693,-3.022097349,-2.257735014,-2.901849985,-2.782893419,-3.439089298,-2.285600662,-2.16165328,-1.79686141,-3.667492628,-1.62060082,-3.589007854,-2.053493738,-3.272297382,-3.243318319,-2.788863182
C9_076 ,1.634593248,1.941294193,1.477573752,0.134220898,2.517653704,1.262252688,1.318519354,1.681134343,1.324983358,1.60435605,1.310747266,1.049700499,1.220020294,2.000252485,0.222928122,0.06488286,-0.936497092,0.328376919,-0.051997244,0.491904348,1.004249573,1.657182693,1.464720488,0.65955925,1.685132742,0.848958433,0.763751566,1.677801371,1.28983438,1.461895227,0.30427736,0.930699527,0.720190942,0.537544608,-0.469130188,0.070389263,1.402012587,0.037312008,0.3000651,1.575118661,1.186246991,1.592158079,1.410503864,1.130403757,0.81811434,1.513541222,1.726308107,1.638861656,0.359858513,0.809167445,0.438612193,0.548337936,0.915023625,0.783079445,0.730226934,0.420509368,0.023752155,0.801075876,0.417055815,0.655260265,0.986156106,1.650259137,0.21001476,0.316493392,1.33050096,0.887993097,0.748976409,0.822607756,0.06488286,-0.164399236,-0.813245833,1.394075036,-0.033421852,0.121678635,-0.272820115,-0.283140779,0.242450029,-0.079782911,-0.349051714,0.009920342,0.489440203,0.412402123,0.955163956,0.883307993,0.727179885,0.679603934,0.392427355,1.18231082,1.674957752,0.448478073,0.77761966,-0.579490662,-0.178697988,-1.2757864,0.069427148,0.303342342,1.338338852,0.658462882,0.259423196,0.147697449,0.338567048,0.342213333,0.63012588,1.198242664,1.004537344,0.701327324,-0.392515838,0.206143036,-0.281561613,0.453965247,-0.256183475,0.303693116,0.779469907,1.237380266,-0.043645911,0.106616288,0.443500578,0.133958086,0.111164972,0.412185401,-0.31922552,-0.090495713,-0.362343431,-0.912129819,-0.346114486,-0.342817307,-0.908333957,-0.016395302,-0.880179107,-0.475535035,0.116098493,-0.166178852,-0.302404135,-0.721420407,-0.060547762,0.394623876,0.095181778,0.252536803,0.509037018,0.722815752,0.23253803,-0.171693414,-0.916752636,-1.027969122,-0.952880442,-0.32771042,-1.3681041,-1.432065248,-1.28384316,-1.223643303,-0.567254364,-0.877791107,-1.036229968,-1.1500808,-0.870387256,-0.719756246,-1.089574337,-1.165855169,-1.571750402,-0.954277515
CDH2_013 ,-8.895395279,-8.895395279,-8.828280449,-9.828280449,-8.587272644,-9.039784431,-9.200249672,-7.795859337,-8.200249672,-9.702750206,-9.287712097,-8.702750206,-8.380822182,-8.643856049,-8.039784431,-8.643856049,-9.117787361,-8.587272644,-8.287712097,-9.039784431,-9.380822182,-9.828280449,-9.48035717,-9.702750206,-9.117787361,-9.965784073,-10.70275021,-9.48035717,-9.117787361,-10.48035717,-8.587272644,-9.200249672,-8.643856049,-9.587272644,-9.380822182,-9.380822182,-9.702750206,-9.965784073,-8.965784073,-8.48035717,-9.380822182,-8.532824516,-11.2877121,-9.965784073,-9.965784073,-10.11778736,-9.48035717,-8.532824516,-9.828280449,-8.76415062,-9.287712097,-9.587272644,-9.48035717,-8.76415062,-8.895395279,-9.287712097,-9.200249672,-9.702750206,-8.965784073,-9.200249672,-9.828280449,-9.702750206,-8.895395279,-9.48035717,-9.287712097,-9.965784073,-9.287712097,-9.200249672,-9.965784073,-9.380822182,-9.48035717,-8.965784073,-10.48035717,-9.702750206,-9.702750206,-10.70275021,-9.287712097,-9.587272644,-9.48035717,-9.702750206,-9.702750206,-9.828280449,-9.48035717,-9.48035717,-8.895395279,-10.70275021,-10.11778736,-13.2877121,-9.117787361,-10.70275021,-9.48035717,-9.587272644,-9.828280449,-8.965784073,-8.702750206,-10.11778736,-11.70275021,-9.587272644,-10.11778736,-12.2877121,-10.70275021,-8.117787361,-9.702750206,-9.200249672,-10.70275021,-8.828280449,-9.287712097,-9.663261414,-9.663261414,-9.200249672,-10.11778736,-9.702750206,-10.11778736,-10.2877121,-10.2877121,-10.11778736,-9.828280449,-9.48035717,-9.587272644,-10.48035717,-9.702750206,-9.828280449,-10.70275021,-11.2877121,-11.2877121,-12.2877121,-9.48035717,-9.965784073,-10.70275021,-13.2877121,-9.702750206,-10.48035717,-10.11778736,-10.48035717,-8.828280449,-9.48035717,-10.96578407,-9.48035717,-12.2877121,-10.48035717,-10.2877121,-9.702750206,-10.11778736,-9.48035717,-9.828280449,-9.380822182,-9.117787361,-8.965784073,-9.702750206,-10.11778736,-9.380822182,-9.48035717,-9.587272644,-9.965784073,-8.965784073,-9.587272644,-9.287712097,-10.2877121,-9.965784073,-9.965784073
CLEC3B_020 ,-3.627716541,-3.563198566,-3.830331564,-4.662003517,-3.625934362,-3.938984156,-4.11278677,-3.899695158,-3.394410849,-3.663830757,-3.187050104,-3.736965418,-4.221623421,-2.891107559,-3.773984671,-3.282087803,-2.728335142,-4.473931313,-3.177881718,-3.773984671,-3.237863779,-3.838563681,-4.163590908,-3.36438489,-3.553002834,-3.527824163,-3.340806007,-3.290532827,-3.649276495,-3.313297749,-4.319045544,-5.06371069,-4.301870346,-4.009263039,-4.464344978,-3.997693539,-3.421979189,-3.932361364,-3.529489279,-3.697125196,-3.233786583,-3.640254021,-2.758281946,-3.02444315,-3.60823226,-3.324816465,-3.329159737,-3.633076429,-3.345197916,-3.198924065,-2.869859695,-5.006941795,-3.89324975,-3.47232914,-2.801882982,-3.097887754,-2.866699457,-3.233866453,-3.536168337,-3.029146433,-3.037414074,-3.276484966,-3.033864975,-3.149440527,-3.582080126,-2.744680405,-2.539519548,-3.173970222,-2.3673594,-3.310432434,-2.659266949,-3.056491137,-3.402015924,-2.591614246,-2.72165823,-2.624154329,-3.04572916,-2.522840738,-2.820106745,-3.685941696,-3.247422695,-2.431286812,-3.197599888,-3.72165823,-2.711227894,-3.079478025,-3.057692051,-2.830331564,-2.579490662,-3.300448418,-3.040971756,-5.321928024,-2.732164621,-2.711227894,-2.915935755,-2.734083176,-2.42662549,-2.799872398,-2.779917717,-3.40659833,-3.054092646,-2.83650136,-3.326262712,-2.465141535,-2.945637703,-3.04453826,-2.705570459,-3.14050746,-3.252913475,-6.748553753,-2.266038418,-2.498994112,-2.296899319,-2.552156448,-2.56405139,-2.432065248,-2.441438437,-2.771027327,-2.524499893,-2.70462966,-2.713118792,-3.450084448,-2.610873699,-3.02444315,-2.376320362,-2.536168337,-3.126580477,-2.722610235,-2.969169617,-2.937878132,-2.540358543,-3.678533554,-2.366615295,-2.551310539,-3.461163759,-3.549620152,-2.839596033,-3.266732454,-3.145605326,-2.861447573,-2.751465321,-2.219605923,-2.40659833,-2.49817872,-3.50963521,-2.898618698,-2.888968706,-2.170069218,-2.952322006,-3.205563307,-3.15200305,-2.85412693,-2.869859695,-3.003466606,-3.237863779,-3.006941557,-3.310432434,-7.67300272,-2.656535387,-3.309001923
COMP_023 ,-6.733123779,-6.947862148,-6.493296623,-7.861447811,-7.179187775,-7.733123779,-7.310432434,-6.687799454,-6.011588097,-7.179187775,-6.559792042,-6.658355713,-7.380821705,-7.158429146,-7.532824993,-6.368849277,-6.020925999,-7.828280926,-6.930160522,-6.947862148,-7.67300272,-6.779917717,-8.039784431,-7.532824993,-7.702749729,-7.097887993,-6.795859337,-6.429731369,-6.895394802,-8.039784431,-7.020925999,-7.221623421,-6.930160522,-7.058893681,-7.221623421,-7.702749729,-6.965784073,-6.480357647,-7.356975079,-6.29902792,-6.912672997,-6.221623421,-6.878321171,-6.947862148,-6.702749729,-7.333516121,-7.356975079,-7.179187775,-7.405069351,-7.179187775,-7.200249672,-7.532824993,-7.078258991,-8.48035717,-6.480357647,-7.097887993,-6.546245098,-6.392894745,-7.356975079,-6.210896969,-6.643856049,-6.356975079,-6.573466778,-6.368849277,-6.493296623,-6.068543911,-6.26534462,-6.345198154,-6.158429146,-6.965784073,-6.506352901,-6.844769001,-6.368849277,-6.429731369,-7.587272644,-6.127840996,-6.29902792,-7.137965202,-6.467533588,-6.29902792,-5.895394802,-6.068543911,-5.921390057,-5.921390057,-5.546245098,-5.983931541,-6.088039875,-6.168771267,-5.227016449,-5.947862148,-5.861447811,-6.189680099,-6.587272644,-6.506352901,-5.912672997,-6.573466778,-6.276484966,-6.878321171,-5.993091583,-6.878321171,-6.748553753,-6.030324459,-6.687799454,-6.356975079,-6.380821705,-6.912672997,-5.904007912,-6.137965202,-6.392894745,-7.356975079,-6.828280926,-6.687799454,-6.243318081,-6.615286827,-6.844769001,-6.26534462,-6.210896969,-6.506352901,-6.137965202,-6.356975079,-6.287712574,-7.480357647,-6.345198154,-7.097887993,-6.148160934,-6.45482254,-6.210896969,-6.25428915,-6.232429981,-6.179187775,-6.532824993,-7.137965202,-7.137965202,-6.658355713,-6.405069351,-6.45482254,-6.148160934,-5.608232021,-6.519527912,-6.002310276,-6.148160934,-5.643856049,-6.333516121,-5.869859695,-6.148160934,-6.243318081,-6.030324459,-5.740818024,-6.467533588,-6.643856049,-5.803896427,-5.938984394,-6.368849277,-6.67300272,-5.836501122,-5.836501122,-6.243318081,-6.493296623,-6.011588097,-6.405069351
CRP_051 ,-0.652220905,-2.032093763,-1.782893419,-1.477140784,1.26993084,0.158078492,-0.88124156,2.162048817,-0.932636738,-0.911587,-3.541198015,-0.850740671,-0.367731839,-1.410428286,0.945008337,-1.507172585,-5.122805595,1.174981594,-0.507993042,1.553753734,-0.805156469,-0.375758737,-0.821126103,-3.443791389,0.07874646,-3.865647554,-7.039784908,-1.776453853,-2.057692051,-1.0475173,-1.375945926,-0.343915612,-3.651087761,-2.672082663,-0.77398479,-1.772998333,0.231800973,-0.847102761,0.444985032,0.55345881,-4.296190739,-1.135427594,-3.2961905,-3.431286812,-0.465539902,-1.384583712,-0.443398863,1.212818265,-3.259806395,-2.479552746,-1.471128583,-0.286128253,-3.19231534,2.126080751,-1.301870346,-1.389866948,-3.448508501,-1.010715604,-4.853084087,-2.935668945,-3.380821705,-4.218934059,-5.054092884,-5.148160934,-0.836758971,-6.965784073,-4.313297749,-3.450084448,-5.493296623,-3.171368361,-7.158429146,0.180657059,-5.01624918,-3.559792042,-4.820106983,-6.243318081,-1.587706208,-5.636660576,-5.480357647,-4.068543911,-4.573466778,-4.779917717,-3.77595973,-4.11528492,-4.516222954,-5.200249672,-7.643856049,-6.058893681,-0.4219791,-5.956795216,-3.979373455,-6.878321171,-2.445362091,-7.078258991,-1.217591405,-5.587272644,-4.20605135,-4.287712574,-3.758281946,-4.710283756,-6.811978817,-3.680382013,0.425459355,-3.834441662,-5.216249943,-0.968040228,-5.512925148,-5.76415062,-6.895394802,-0.310969263,-7.356975079,-8.587272644,-5.861447811,-4.351074696,-9.380822182,-7.45482254,-7.828280926,-5.122805595,-7.020925999,-6.030324459,-3.395928621,-8.039784431,-9.200249672,-8.200249672,-5.137965202,-6.137965202,-6.587272644,-4.96128273,-4.20605135,-7.158429146,-6.345198154,-9.702750206,-9.200249672,-10.70275021,-5.811978817,-9.828280449,-9.702750206,-11.2877121,-6.643856049,-5.912672997,-6.733123779,-6.287712574,-8.48035717,-6.878321171,-8.587272644,-3.742748022,-9.965784073,-9.587272644,-9.587272644,-8.895395279,-5.651087761,-12.2877121,-8.643856049,-8.532824516,-7.702749729,-6.493296623,-4.8079319,-8.333516121,-11.70275021,-7.702749729
F9_025 ,1.418297887,1.679919124,1.82113874,0.635522306,1.803681731,2.155846357,1.806159139,2.394980431,1.71329987,1.498301864,1.985937595,1.854594111,1.96406579,2.631663084,2.340590715,1.260387063,1.748332381,1.78856039,2.193235636,0.852957666,1.587124825,1.320484638,1.246772885,1.37939918,1.943471193,0.988266647,0.946581125,1.26177156,1.43087399,1.820607901,1.811717629,1.465295315,2.043554544,1.597983956,1.655855536,1.437121153,2.102658272,1.264476418,1.862233162,1.243181586,0.881194711,1.782660127,1.04753828,0.848798156,1.300006628,1.176195025,1.455754638,1.438931584,1.396049857,2.014783859,1.535605073,1.008200049,1.093425035,1.782366633,1.212631583,1.209016562,1.683786273,0.964805245,1.679018378,1.166715384,1.122473955,1.150754571,1.542654276,0.782072961,1.274291515,1.026658535,0.932968199,1.290424466,0.780226052,1.413214922,1.079429269,1.667665124,1.396323919,1.043414474,0.602741897,1.273873925,1.674324989,1.239825726,1.588516831,1.252052188,0.993638098,0.710701764,0.794935703,1.729574442,1.117495537,1.194969654,1.007482648,1.391327739,1.865720868,1.568615913,1.408331394,1.510252953,1.642285585,0.090175912,1.958285928,0.778292716,1.393416286,1.152897239,1.190045834,1.244886994,1.007912993,1.096396804,0.669389665,0.253747225,1.13743794,1.109226823,1.083655953,1.437067866,0.869792461,1.821342826,0.544782043,0.279174149,1.167871714,1.068533301,1.068464398,0.841087461,0.526269138,1.177024841,0.988339245,0.81811434,1.461580992,0.769687116,0.379510045,0.150819659,1.392317414,0.83818531,0.891496956,0.971589506,0.55522722,0.182565153,0.84567064,0.914870679,0.326767415,0.762561381,1.224596024,0.709819913,0.617580593,0.816640615,0.644779265,1.219772458,1.104672194,1.646807909,1.302055836,1.046491027,1.031607032,1.595885515,1.150234699,1.872040749,1.315102458,0.404031128,1.19446528,1.126510382,1.112566829,0.66675657,1.154971957,1.239459157,0.782156885,1.063088775,0.694033265,0.82928133
FCGBP_131 ,-6.779917717,-6.67300272,-6.532824993,-7.795859337,-6.629500866,-6.107803345,-7.702749729,-7.45482254,-6.392894745,-6.546245098,-7.615286827,-5.629500866,-6.629500866,-9.380822182,-6.158429146,-6.179187775,-6.058893681,-6.380821705,-6.717856884,-5.795859337,-7.702749729,-6.861447811,-5.725470066,-7.733123779,-6.748553753,-7.67300272,-7.333516121,-7.615286827,-6.878321171,-5.316168785,-4.669326782,-5.276484966,-7.179187775,-6.930160522,-5.930160522,-6.861447811,-6.333516121,-3.981650829,-5.974829197,-6.779917717,-6.587272644,-5.546245098,-7.020925999,-7.039784908,-5.259806156,-5.526161194,-6.287712574,-5.956795216,-6.29902792,-6.795859337,-6.76415062,-4.205563545,-6.601212025,-7.002310276,-6.930160522,-4.729291439,-6.097887993,-8.287712097,-6.601212025,-6.137965202,-6.333516121,-5.480357647,-6.702749729,-6.717856884,-6.947862148,-5.293358803,-5.573466778,-5.601212025,-5.687799454,-6.380821705,-5.327710629,-6.405069351,-5.608232021,-6.137965202,-7.26534462,-5.844769001,-5.386845589,-5.127840996,-6.442222118,-6.049307823,-5.486812592,-6.519527912,-5.895394802,-5.163590908,-5.276484966,-5.665660381,-6.506352901,-6.058893681,-5.417347908,-6.587272644,-5.993091583,-5.374823093,-6.417347908,-5.956795216,-5.546245098,-7.405069351,-5.532824993,-6.345198154,-6.030324459,-5.76415062,-7.097887993,-5.248793602,-4.187049866,-6.442222118,-6.405069351,-5.651087761,-5.795859337,-6.506352901,-7.039784908,-6.243318081,-7.158429146,-6.078258991,-6.078258991,-7.158429146,-5.993091583,-6.442222118,-6.25428915,-6.158429146,-6.587272644,-6.615286827,-6.088039875,-7.200249672,-6.493296623,-7.702749729,-6.127840996,-7.158429146,-5.587272644,-6.861447811,-6.287712574,-5.67300272,-6.878321171,-6.179187775,-7.137965202,-6.158429146,-5.886833191,-13.2877121,-6.643856049,-9.039784431,-5.594225407,-6.480357647,-6.345198154,-5.237864017,-5.76415062,-4.684085846,-6.658355713,-5.526161194,-6.158429146,-6.748553753,-6.895394802,-7.002310276,-6.429731369,-6.380821705,-5.573466778,-7.895394802,-5.25428915,-5.594225407,-6.356975079,-6.168771267,-5.930160522,-7.058893681
GPX3_121 ,1.770744562,1.285402179,1.662479043,1.571337104,1.949609637,2.596004963,1.696216464,1.400319338,1.621618152,1.963104129,2.456753492,1.028639913,2.173191309,1.503908396,0.172743529,1.060670018,1.752320409,2.093830585,1.896853089,-0.065974273,1.975740194,0.959473431,0.88807106,2.102658272,1.186880708,2.280154467,0.900180876,1.689612269,0.692070067,1.958323002,2.052137613,1.791564107,1.217106581,1.567496777,1.263214707,0.410449684,1.495439291,1.30328393,1.764770746,0.718876719,1.557728767,1.817991495,0.959250867,1.127831459,1.849158645,1.425835252,0.945832431,1.779469848,0.856467903,1.898943543,2.338624001,1.041243076,2.132807255,1.665892959,0.538339436,0.877822757,2.12128067,1.055265069,1.590626001,0.815411448,1.649063587,1.400155425,1.530220628,1.268015027,1.218719125,1.730183363,1.145090461,1.317593575,1.835398674,2.047573328,1.745022178,1.921893358,2.212880611,1.485117674,2.777325153,1.678522706,1.797303557,1.851918936,1.696572661,1.298834205,2.504798412,2.344856977,2.242084265,2.397885084,2.173639059,2.287708759,2.370805979,2.374622107,1.561106086,2.478997707,2.253626108,2.139764071,1.559198022,1.331246614,1.505230427,1.905889988,1.878058314,1.041733623,1.742437482,1.635382891,2.067432165,1.403104067,0.935685992,2.135009289,1.436161876,1.771463037,1.569345236,1.460690141,1.521302104,1.184661031,1.531718254,0.867580235,1.663116932,1.631150842,1.015711546,1.37428844,1.838588834,1.205016971,1.529621124,1.530570149,1.54309988,1.676312566,2.017351866,1.475863099,1.825459957,1.153481007,1.890135407,1.292192698,1.612777114,1.71949017,2.012961864,2.332450151,1.724912167,2.046036959,1.719095826,1.85567081,1.936213851,1.870384455,2.425298214,1.644410014,1.64006567,1.975373387,1.564085364,1.626859546,1.525918484,1.801779509,1.334511042,1.388244629,1.529021263,1.13894546,1.7537328,0.843340695,1.275364637,1.56510973,1.074710965,1.295722961,1.51035428,1.509290457,1.668573022,1.274649262
H6PD_029 ,-8.078259468,-7.828280926,-6.519527912,-9.039784431,-8.587272644,-8.380822182,-8.532824516,-8.532824516,-8.333516121,-9.380822182,-8.895395279,-9.587272644,-9.039784431,-8.702750206,-8.48035717,-8.828280449,-10.11778736,-9.287712097,-8.287712097,-8.828280449,-8.380822182,-9.117787361,-8.828280449,-9.117787361,-8.895395279,-9.702750206,-10.2877121,-10.11778736,-7.67300272,-8.965784073,-8.643856049,-8.643856049,-9.039784431,-8.895395279,-7.861447811,-9.702750206,-7.429731369,-9.117787361,-8.643856049,-8.333516121,-9.828280449,-8.702750206,-9.587272644,-9.48035717,-8.828280449,-10.96578407,-8.895395279,-9.380822182,-9.200249672,-8.828280449,-9.702750206,-9.039784431,-9.117787361,-9.200249672,-9.117787361,-9.287712097,-8.702750206,-8.587272644,-9.380822182,-9.702750206,-9.380822182,-8.828280449,-9.587272644,-9.965784073,-8.895395279,-9.287712097,-9.587272644,-9.287712097,-9.039784431,-10.70275021,-9.587272644,-8.48035717,-9.200249672,-8.643856049,-9.965784073,-7.895394802,-9.48035717,-8.587272644,-9.039784431,-9.702750206,-8.965784073,-9.587272644,-8.702750206,-8.587272644,-8.895395279,-8.429731369,-10.11778736,-9.48035717,-9.828280449,-8.965784073,-8.965784073,-9.965784073,-8.965784073,-9.965784073,-9.287712097,-9.587272644,-9.587272644,-9.287712097,-9.234375,-10.11778736,-12.2877121,-8.643856049,-9.200249672,-9.587272644,-9.287712097,-8.76415062,-9.702750206,-9.702750206,-9.117787361,-9.702750206,-11.70275021,-9.380822182,-9.117787361,-9.587272644,-9.48035717,-9.702750206,-7.117787361,-9.965784073,-9.587272644,-10.2877121,-9.039784431,-9.965784073,-9.48035717,-10.48035717,-9.828280449,-9.48035717,-8.895395279,-8.333516121,-10.11778736,-9.200249672,-9.702750206,-9.828280449,-9.200249672,-9.48035717,-9.380822182,-8.965784073,-9.587272644,-9.48035717,-9.039784431,-9.117787361,-9.587272644,-9.039784431,-9.200249672,-9.287712097,-9.965784073,-8.702750206,-9.287712097,-9.48035717,-9.380822182,-10.2877121,-9.039784431,-9.702750206,-9.828280449,-9.48035717,-9.287712097,-9.48035717,-9.965784073,-9.380822182,-8.76415062,-9.587272644
HSPA8_080 ,-7.26534462,-8.895395279,-8.643856049,-11.70275021,-9.039784431,-8.587272644,-9.702750206,-8.243318558,-10.11778736,-10.48035717,-8.643856049,-9.702750206,-9.828280449,-10.2877121,-8.243318558,-10.70275021,-10.48035717,-9.039784431,-7.795859337,-9.287712097,-9.828280449,-9.965784073,-10.11778736,-10.11778736,-9.965784073,-9.287712097,-9.965784073,-10.48035717,-8.828280449,-8.039784431,-7.356975079,-10.11778736,-8.117787361,-9.039784431,-9.965784073,-10.2877121,-10.48035717,-10.11778736,-7.895394802,-8.895395279,-12.2877121,-7.861447811,-9.828280449,-9.828280449,-9.965784073,-13.2877121,-10.48035717,-9.117787361,-10.11778736,-10.70275021,-9.965784073,-9.587272644,-9.287712097,-9.117787361,-10.48035717,-10.48035717,-10.48035717,-10.70275021,-10.96578407,-10.11778736,-12.2877121,-10.70275021,-9.587272644,-9.48035717,-9.380822182,-12.2877121,-11.2877121,-13.2877121,-9.965784073,-9.965784073,-12.2877121,-13.2877121,-9.702750206,-9.965784073,-11.2877121,-10.96578407,-8.76415062,-10.2877121,-10.48035717,-9.828280449,-10.96578407,-10.2877121,-10.2877121,-9.828280449,-9.380822182,-9.287712097,-9.965784073,-9.48035717,-10.2877121,-9.287712097,-7.76415062,-10.70275021,-10.96578407,-8.828280449,-8.039784431,-10.07677174,-8.965784073,-13.2877121,-10.11778736,-10.70275021,-10.70275021,-9.48035717,-10.11778736,-11.2877121,-10.48035717,-9.702750206,-10.2877121,-10.11778736,-10.48035717,-7.310432434,-9.48035717,-10.11778736,-9.828280449,-10.11778736,-10.48035717,-10.96578407,-10.48035717,-10.96578407,-10.96578407,-8.965784073,-10.2877121,-11.70275021,-10.07677174,-10.96578407,-10.96578407,-10.70275021,-10.96578407,-9.965784073,-10.96578407,-10.70275021,-10.11778736,-10.96578407,-10.48035717,-10.70275021,-9.965784073,-10.11778736,-10.48035717,-10.11778736,-9.965784073,-9.702750206,-10.48035717,-10.48035717,-10.96578407,-10.96578407,-10.70275021,-7.965784073,-9.587272644,-10.70275021,-10.48035717,-11.70275021,-9.200249672,-10.48035717,-9.702750206,-10.2877121,-9.702750206,-10.2877121,-10.11778736,-10.96578407,-9.828280449,-10.70275021
IGFBP3_093 ,-6.405069351,-6.442222118,-5.559792042,-6.895394802,-5.448508739,-5.493296623,-6.380821705,-5.553002834,-6.811978817,-4.633076191,-5.102837086,-7.76415062,-6.480357647,-6.287712574,-6.779917717,-6.368849277,-6.380821705,-5.687799454,-5.895394802,-5.310432434,-5.680382252,-6.179187775,-6.200249672,-6.276484966,-6.26534462,-6.717856884,-5.921390057,-6.210896969,-6.878321171,-5.53951931,-7.380821705,-6.861447811,-7.310432434,-8.243318558,-7.480357647,-7.76415062,-5.795859337,-6.828280926,-6.532824993,-6.26534462,-5.895394802,-7.310432434,-5.442222118,-6.480357647,-5.398969173,-5.680382252,-6.107803345,-7.310432434,-6.559792042,-6.417347908,-6.601212025,-7.702749729,-6.429731369,-7.200249672,-5.838794708,-6.601212025,-6.200249672,-6.368849277,-5.546245098,-5.608232021,-5.386845589,-5.29902792,-5.221623421,-5.636660576,-7.333516121,-5.200249672,-5.368849277,-5.58035326,-5.448508739,-5.553002834,-5.248793602,-5.687799454,-5.938984394,-5.553002834,-5.869859695,-6.058893681,-4.908333778,-5.69525528,-4.669326782,-5.702749729,-5.622376442,-5.287712574,-5.748553753,-6.168771267,-6.179187775,-5.532824993,-5.506352901,-5.417347908,-5.573466778,-5.368849277,-4.729291439,-5.643856049,-4.997693539,-5.122805595,-5.287712574,-5.356975079,-5.194955349,-5.772012711,-5.912672997,-5.11278677,-5.665660381,-5.680382252,-6.779917717,-5.53951931,-5.779917717,-6.020925999,-5.102837086,-4.993091583,-5.25428915,-5.532824993,-6.058893681,-5.168771267,-5.480357647,-5.461163998,-5.163590908,-5.665660381,-5.345198154,-7.179187775,-6.380821705,-6.546245098,-5.237864017,-5.651087761,-5.276484966,-5.811978817,-5.132894039,-5.210896969,-6.643856049,-5.429731369,-5.811978817,-4.98850441,-5.237864017,-5.687799454,-6.117787361,-5.137965202,-5.499809742,-5.687799454,-5.480357647,-5.53951931,-5.519527912,-5.392894745,-5.143054008,-4.368849277,-5.232429981,-4.76415062,-5.467533588,-5.088039875,-6.078258991,-4.756330967,-5.025617599,-5.756330967,-5.107803345,-5.811978817,-5.947862148,-5.45482254,-5.772012711,-5.553002834,-5.068543911,-5.553002834,-5.36289978,-5.237864017
IGHV1-24_034 ,-6.25428915,-6.200249672,-5.69525528,-7.795859337,-5.573466778,-7.733123779,-6.405069351,-6.097887993,-6.243318081,-7.405069351,-3.89324975,-7.078258991,-7.221623421,-6.844769001,-6.811978817,-5.58035326,-7.67300272,-6.137965202,-4.333516121,-6.733123779,-7.243318081,-7.702749729,-8.587272644,-7.221623421,-4.365871429,-8.429731369,-7.002310276,-6.058893681,-7.243318081,-6.137965202,-6.442222118,-6.733123779,-8.078259468,-6.011588097,-7.058893681,-7.429731369,-5.687799454,-5.725470066,-5.423526287,-7.310432434,-6.392894745,-5.179187775,0.518535137,-3.867752314,-7.45482254,-5.956795216,-2.837532043,-4.930160522,-5.025617599,-5.392894745,-3.684086084,-7.137965202,-6.983931541,-2.800877333,-3.874084473,-7.506352901,-3.595968962,-6.559792042,-5.486812592,-6.039784908,-4.943416595,-7.200249672,-7.058893681,-7.039784908,-7.200249672,-4.429731369,-4.970299721,-1.962406993,-4.088039875,-8.002309799,-5.636660576,-4.654716969,-5.795859337,-5.417347908,-5.259806156,-6.020925999,-5.189680099,-8.158429146,-5.049307823,-7.76415062,-7.310432434,-7.45482254,-3.92796278,-4.563198566,-6.429731369,-5.287712574,-8.200249672,-4.570035934,-6.861447811,-6.221623421,-7.67300272,-6.519527912,-6.519527912,-7.506352901,-7.002310276,-6.717856884,-6.368849277,-4.522840977,-2.915935755,-5.380821705,-5.333516121,-5.039784908,-7.287712574,-4.030324459,-7.615286827,-4.316168785,-8.76415062,-5.26534462,-6.25428915,-4.461163998,-8.48035717,-9.039784431,-5.587272644,-7.76415062,-6.895394802,-5.15328598,-7.965784073,-5.608232021,-4.324816227,-6.189680099,-5.608232021,-7.67300272,-5.710283756,-7.200249672,-5.608232021,-1.757793784,-5.636660576,-5.102837086,-8.532824516,-5.270904064,-8.200249672,-5.356975079,-5.756330967,-7.356975079,-13.2877121,-7.221623421,-6.983931541,-7.559792042,-4.824187756,-2.669327021,-5.680382252,-3.706511736,-6.039784908,-4.752437115,-5.566613197,-4.477140903,-7.333516121,-7.405069351,-7.587272644,-7.287712574,-4.979373455,-7.429731369,-6.148160934,-5.030324459,-7.828280926,-6.368849277,-7.861447811,-7.26534462,-8.48035717,-7.559792042
ITIH4_105 ,-3.202903986,-3.75438261,-3.445362091,-3.457989693,-2.97256279,-3.136695862,-2.449296236,-2.738890409,-3.620600939,-4.080698013,-4.058893681,-3.297608376,-3.314732552,-2.225666285,-3.55809164,-3.777937412,-5.088039875,-2.545403004,-2.726424456,-3.58035326,-4.26534462,-2.465141535,-3.213570833,-3.77595973,-3.838563681,-4.282087803,-4.150721073,-4.296190739,-3.477140665,-3.326262712,-3.521183491,-3.469130278,-3.129102707,-3.473931074,-4.213571072,-3.049307585,-3.167474508,-3.348133087,-2.766111851,-3.83650136,-3.631287575,-2.414268255,-3.706511736,-3.477140665,-2.577766895,-3.409661531,-3.104076862,-2.79686141,-2.79686141,-2.941198587,-3.237863779,-2.486812592,-3.777937412,-2.73024869,-2.761213303,-3.352547169,-3.57862854,-2.830331564,-4.615286827,-4.787866592,-3.950090408,-4.117787361,-3.522840738,-4.044538498,-3.762191534,-3.573466778,-3.371832848,-3.206894875,-4.030324459,-3.853084087,-3.878321409,-3.184424639,-3.240588427,-3.658355713,-3.764150381,-4.013916969,-3.309001923,-3.98850441,-3.752437115,-3.309001923,-3.76023531,-3.439089298,-3.083141327,-3.925768614,-3.888968706,-3.85935235,-4.290533066,-3.224317312,-3.224317312,-3.457989693,-3.667492628,-3.990796089,-2.685013533,-4.665660381,-3.832385063,-3.869859695,-3.884700298,-4.636660576,-6.26534462,-3.507992983,-3.544560909,-4.429731369,-3.197599888,-4.365871429,-4.037414074,-4.392894745,-3.956795454,-4.210896969,-3.795859337,-2.770043135,-5.748553753,-5.687799454,-6.058893681,-4.197599888,-5.398969173,2.347438812,-4.268121719,-4.293358803,-4.549620152,-4.816037178,-5.107803345,-4.640254021,-5.102837086,-5.553002834,-4.461163998,-4.445362091,-5.717856884,-5.194955349,-5.270904064,-4.566613197,-6.828280926,-4.559792042,-5.158429146,-4.908333778,-4.342268467,-4.202904224,-4.840629101,-3.599462032,-5.232429981,-4.439089298,-3.974829435,-4.45482254,-4.432844162,-4.025617599,-5.137965202,-4.039784908,-5.553002834,-5.158429146,-5.216249943,-7.895394802,-4.270904064,-4.143054008,-4.025617599,-4.158429146,-4.163590908,-4.979373455,-4.676687717,-4.493296623,-5.853084087,-4.768075943
KRT2_085 ,-10.96578407,-10.96578407,-11.2877121,-10.96578407,-10.96578407,-11.2877121,-9.828280449,-11.2877121,-11.2877121,-11.70275021,-10.96578407,-10.91570187,-10.96578407,-10.96578407,-10.70275021,-10.96578407,-10.70275021,-10.2877121,-10.48035717,-11.2877121,-10.96578407,-11.2877121,-11.2877121,-10.70275021,-11.2877121,-11.2877121,-9.828280449,-10.96578407,-11.2877121,-11.2877121,-11.2877121,-11.70275021,-11.2877121,-6.733123779,-11.2877121,-11.2877121,-10.96578407,-11.2877121,-10.96578407,-10.96578407,-11.2877121,-11.2877121,-10.96578407,-11.2877121,-10.96578407,-10.70275021,-11.2877121,-11.70275021,-11.2877121,-10.96578407,-10.96578407,-11.2877121,-11.70275021,-10.70275021,-9.828280449,-11.2877121,-10.96578407,-11.70275021,-11.2877121,-11.2877121,-10.96578407,-10.48035717,-10.96578407,-11.70275021,-10.96578407,-11.2877121,-11.70275021,-10.70275021,-11.70275021,-10.70275021,-10.48035717,-10.96578407,-11.2877121,-11.70275021,-10.96578407,-11.2877121,-11.2877121,-11.2877121,-10.96578407,-11.2877121,-10.70275021,-10.48035717,-10.96578407,-9.828280449,-10.96578407,-11.2877121,-10.96578407,-11.2877121,-10.48035717,-11.2877121,-10.96578407,-10.48035717,-10.70275021,-10.96578407,-9.200249672,-10.96578407,-11.2877121,-11.2877121,-9.587272644,-11.70275021,-10.70275021,-11.2877121,-11.70275021,-10.91570187,-10.96578407,-10.70275021,-10.48035717,-10.96578407,-11.2877121,-10.96578407,-9.828280449,-11.2877121,-11.2877121,-11.70275021,-10.70275021,-11.2877121,-10.96578407,-9.828280449,-11.70275021,-11.2877121,-10.2877121,-10.96578407,-10.96578407,-8.287712097,-10.70275021,-10.70275021,-10.96578407,-10.70275021,-11.2877121,-10.96578407,-10.96578407,-10.2877121,-11.70275021,-8.965784073,-11.70275021,-10.96578407,-11.70275021,-10.96578407,-9.828280449,-10.96578407,-10.96578407,-9.702750206,-10.96578407,-10.96578407,-11.2877121,-11.2877121,-10.96578407,-9.702750206,-11.2877121,-9.702750206,-11.70275021,-10.70275021,-10.48035717,-10.48035717,-10.70275021,-10.70275021,-10.96578407,-11.2877121,-10.96578407,-9.965784073
KRT6B_037 ,-11.2877121,-11.70275021,-11.70275021,-11.2877121,-12.2877121,-11.2877121,-10.96578407,-11.2877121,-12.2877121,-11.2877121,-13.2877121,-11.2877121,-11.2877121,-11.37565136,-11.2877121,-11.2877121,-10.96578407,-11.2877121,-10.96578407,-10.48035717,-11.37565136,-10.96578407,-10.96578407,-11.37565136,-11.37565136,-10.96578407,-10.96578407,-11.2877121,-12.2877121,-11.70275021,-11.2877121,-11.2877121,-11.2877121,-11.2877121,-11.70275021,-11.2877121,-11.37565136,-11.70275021,-10.96578407,-11.37565136,-10.96578407,-11.2877121,-11.37565136,-11.37565136,-10.96578407,-10.48035717,-10.70275021,-10.96578407,-10.96578407,-12.2877121,-10.96578407,-10.96578407,-13.2877121,-10.96578407,-11.37565136,-12.2877121,-11.37565136,-10.96578407,-11.37565136,-11.2877121,-12.2877121,-10.70275021,-11.2877121,-11.37565136,-11.37565136,-11.37565136,-11.37565136,-11.37565136,-13.2877121,-11.70275021,-11.2877121,-11.37565136,-10.96578407,-11.37565136,-12.2877121,-10.96578407,-11.37565136,-11.2877121,-11.37565136,-11.2877121,-10.96578407,-11.2877121,-11.2877121,-11.2877121,-11.2877121,-12.2877121,-11.2877121,-11.2877121,-11.37565136,-11.70275021,-11.2877121,-11.2877121,-11.2877121,-10.96578407,-11.37565136,-10.96578407,-11.2877121,-10.96578407,-11.37565136,-11.37565136,-11.37565136,-11.2877121,-10.96578407,-10.96578407,-11.2877121,-13.2877121,-11.2877121,-11.2877121,-10.96578407,-13.2877121,-10.70275021,-11.37565136,-11.37565136,-10.96578407,-11.37565136,-11.37565136,-11.70275021,-10.96578407,-11.37565136,-11.2877121,-10.96578407,-11.2877121,-12.2877121,-11.2877121,-11.37565136,-11.37565136,-11.37565136,-12.2877121,-11.2877121,-11.37565136,-11.2877121,-11.2877121,-11.2877121,-10.96578407,-10.96578407,-11.2877121,-11.2877121,-10.96578407,-11.37565136,-11.37565136,-11.2877121,-11.37565136,-11.70275021,-13.2877121,-11.37565136,-11.37565136,-10.96578407,-11.37565136,-11.70275021,-11.2877121,-10.96578407,-10.96578407,-11.2877121,-11.2877121,-10.96578407,-11.2877121,-10.96578407,-10.96578407,-10.96578407,-10.96578407
KRT78_039 ,-10.96578407,-10.96578407,-10.2877121,-11.70275021,-11.2877121,-10.96578407,-10.96578407,-11.2877121,-11.2877121,-11.2877121,-11.70275021,-13.2877121,-10.96578407,-11.2877121,-11.2877121,-11.70275021,-11.2877121,-11.2877121,-10.96578407,-11.2877121,-11.2877121,-11.2877121,-11.2877121,-10.70275021,-10.96578407,-11.2877121,-11.2877121,-10.96578407,-10.96578407,-11.70275021,-11.2877121,-10.96578407,-11.2877121,-10.2877121,-10.96578407,-10.96578407,-12.2877121,-10.96578407,-10.96578407,-10.96578407,-10.48035717,-11.70275021,-12.2877121,-11.70275021,-10.70275021,-10.70275021,-11.2877121,-11.2877121,-10.96578407,-10.96578407,-13.2877121,-10.70275021,-13.2877121,-13.2877121,-11.70275021,-10.96578407,-11.2877121,-11.2877121,-10.70275021,-10.48035717,-10.70275021,-10.70275021,-11.2877121,-10.70275021,-10.70275021,-10.48035717,-10.70275021,-10.70275021,-10.96578407,-11.2877121,-10.96578407,-10.96578407,-11.2877121,-10.96578407,-10.96578407,-11.2877121,-11.2877121,-10.48035717,-11.2877121,-10.70275021,-11.70275021,-10.96578407,-11.2877121,-10.70275021,-10.70275021,-10.48035717,-11.2877121,-11.2877121,-10.96578407,-11.2877121,-11.2877121,-10.70275021,-10.96578407,-10.48035717,-10.96578407,-10.96578407,-11.2877121,-10.96578407,-10.96578407,-10.70275021,-10.96578407,-10.48035717,-11.70275021,-10.96578407,-10.70275021,-11.70275021,-9.287712097,-10.96578407,-10.96578407,-9.48035717,-10.96578407,-10.96578407,-10.96578407,-10.96578407,-10.96578407,-12.2877121,-10.70275021,-11.2877121,-10.11778736,-11.2877121,-10.96578407,-11.2877121,-11.2877121,-11.2877121,-11.2877121,-11.2877121,-12.2877121,-10.70275021,-10.96578407,-11.2877121,-10.96578407,-11.70275021,-11.2877121,-10.96578407,-11.15224838,-11.2877121,-10.96578407,-11.70275021,-11.2877121,-11.2877121,-11.2877121,-11.15224838,-10.96578407,-11.70275021,-10.96578407,-10.70275021,-10.96578407,-11.2877121,-12.2877121,-11.70275021,-10.96578407,-10.70275021,-11.2877121,-10.96578407,-11.2877121,-11.70275021,-11.70275021,-11.70275021,-10.70275021,-10.96578407
LRG1_045 ,0.410666794,0.618896365,0.201131999,-0.672312617,0.589571714,0.280124933,0.220701426,0.935384333,-0.584025025,-0.857521117,-1.139871478,-0.483783126,-0.245882168,0.109828584,0.361319214,-0.942584455,-1.955675721,0.856786549,0.354564965,0.547252417,-1.14432919,0.436801493,0.005471901,-2.411195517,-0.380633891,-0.968604863,-1.048710704,-0.382325381,-1.306501865,0.015354816,-0.012460831,0.309758335,-0.534286618,-1.135110617,-0.03002993,-1.409661531,0.193708673,-0.212400392,0.416515499,0.254835874,-0.97086513,-0.006506738,-0.176250651,-1.704159498,-0.057391625,-0.24297671,0.335711867,0.181929454,-1.014499545,-1.415037513,-0.65018183,-0.600774229,-0.130681321,0.029982906,-1.121549249,-0.462952495,-0.740335882,-0.486004055,-2.275087833,-1.745647788,-1.314373732,-0.358638912,-1.416962385,-1.372953534,-0.853605509,-1.151682496,-0.860399485,-1.129418254,-1.505123615,-1.541198015,-2.014499664,-0.659494758,-0.996541619,-1.461561203,-2.088653564,-2.376320362,-1.269860029,-2.088040113,-1.55681777,-1.350706458,-1.16068542,-1.461958528,-0.290709376,-1.093571067,-0.914303362,-0.663373888,-1.664288163,-0.201742098,-0.498382539,-1.711700559,-1.14432919,-2.010425091,-1.076736689,-2.545403004,-1.3681041,-1.518701077,-1.217591405,-1.353284359,-0.451662064,-1.053793192,-1.397448182,-12.2877121,-0.130049646,-1.606474042,-1.577767015,-0.773491502,-1.320846438,-1.115910053,-2.249479294,-0.139235809,-1.591614127,-1.802889466,-1.425462484,-0.842180192,-1.745647788,-2.566613197,-1.443398833,-1.800877333,-1.940091014,-2.353284359,-1.970299721,-1.88843441,-1.577767015,-3.715959787,-1.718806267,-2.485196114,-1.990222812,-1.710283637,-2.657445192,-1.41657722,-1.877791166,-2.187050104,-2.040378094,-1.179514647,-1.629500985,-1.437134743,-1.797362924,-2.146882772,-1.463549137,-1.061300159,-1.894321918,-2.196938276,-2.068543911,-1.482371569,-2.659266949,-1.904548049,-2.494922161,-2.161007881,-2.294774055,-2.319045544,-2.100360394,-2.187707186,-1.839079738,-2.374074936,-1.202903986,-2.01566577,-2.802889585,-2.334243298,-2.635763884,-2.317606449
MCAM_048 ,-4.67300272,-4.882570744,-4.327710629,-5.06371069,-4.69525528,-4.429731369,-4.414268017,-4.748553753,-4.354021549,-4.783886433,-4.426625252,-3.981650829,-4.597714424,-4.173970222,-4.795859337,-4.733123779,-4.075824261,-5.546245098,-4.832385063,-4.210896969,-4.257045269,-4.640254021,-4.58035326,-4.210896969,-5.216249943,-3.941198587,-4.72165823,-4.629500866,-4.402016163,-5.405069351,-4.316168785,-4.799872398,-4.633076191,-4.861447811,-3.98850441,-5.06371069,-5.132894039,-4.356975079,-4.327710629,-4.374823093,-3.876201391,-4.127840996,-4.756330967,-4.573466778,-4.102837086,-4.202904224,-4.861447811,-4.52948904,-4.044538498,-4.371832848,-3.85935235,-4.066125393,-4.625934124,-5.122805595,-4.408129215,-4.166178703,-3.880444527,-3.602963686,-4.622376442,-3.917024851,-4.023269653,-3.351074457,-3.63486743,-3.921390057,-4.371832848,-3.532824755,-3.391380072,-3.514573097,-3.816037178,-4.420433521,-3.76023531,-4.130365372,-3.746615648,-4.085588455,-4.740818024,-4.120294094,-3.397448063,-3.807932138,-3.544560909,-3.571750402,-3.848920584,-3.712172985,-4.01624918,-3.673002481,-3.77595973,-3.590744972,-4.054092884,-4.102837086,-3.601211786,-3.631287575,-3.674843788,-4.268121719,-4.268121719,-4.042159557,-4.279283524,-3.547931671,-3.28349185,-4.197599888,-4.00462389,-4.457989693,-4.194955349,-3.97256279,-3.275087833,-3.719756126,-3.98393178,-3.710283518,-4.054092884,-3.795859337,-3.901849985,-4.143054008,-4.368849277,-3.3673594,-3.731206417,-4.307572842,-3.906169415,-3.779917717,-3.938984156,-4.11278677,-3.936773062,-4.168771267,-4.066125393,-4.748553753,-4.01624918,-4.483581543,-4.056491375,-4.687799454,-4.044538498,-4.240588665,-4.25428915,-4.218934059,-4.496549606,-4.432844162,-4.339344978,-4.445362091,-4.130365372,-4.137965202,-4.075824261,-4.107803345,-4.386845589,-3.624154329,-4.386845589,-3.620600939,-3.855170488,-4.06371069,-4.461163998,-4.587272644,-4.339344978,-4.035047054,-4.799872398,-4.8079319,-4.503077507,-4.307572842,-4.158429146,-4.908333778,-3.803896666,-4.018585682,-4.865647793,-4.29902792,-4.321928024,-4.844769001
MRC1_072 ,-9.117787361,-10.11778736,-9.287712097,-9.587272644,-8.702750206,-8.429731369,-8.965784073,-7.828280926,-11.2877121,-9.828280449,-9.380822182,-8.039784431,-9.200249672,-9.702750206,-8.117787361,-9.828280449,-9.117787361,-7.733123779,-8.895395279,-9.702750206,-9.702750206,-9.828280449,-9.587272644,-9.48035717,-9.828280449,-9.200249672,-9.200249672,-9.965784073,-9.587272644,-8.828280449,-8.078259468,-8.48035717,-8.287712097,-9.117787361,-7.930160522,-9.587272644,-9.965784073,-8.333516121,-8.429731369,-8.380822182,-9.828280449,-8.078259468,-8.895395279,-9.587272644,-9.828280449,-9.702750206,-9.48035717,-8.117787361,-9.965784073,-8.828280449,-9.200249672,-8.532824516,-9.200249672,-8.828280449,-9.200249672,-9.200249672,-8.702750206,-9.965784073,-9.380822182,-9.702750206,-10.48035717,-10.11778736,-11.2877121,-11.2877121,-9.287712097,-10.48035717,-9.965784073,-10.11778736,-9.965784073,-9.587272644,-10.2877121,-9.039784431,-9.48035717,-10.70275021,-9.200249672,-9.702750206,-8.702750206,-9.48035717,-9.200249672,-10.11778736,-10.2877121,-9.587272644,-9.702750206,-8.965784073,-9.117787361,-10.96578407,-10.96578407,-12.2877121,-9.48035717,-10.11778736,-10.11778736,-9.380822182,-9.48035717,-10.48035717,-9.48035717,-9.965784073,-9.380822182,-10.70275021,-9.702750206,-10.96578407,-9.702750206,-9.48035717,-8.287712097,-9.828280449,-10.2877121,-9.702750206,-10.70275021,-9.828280449,-10.11778736,-9.039784431,-10.11778736,-10.96578407,-9.965784073,-11.2877121,-9.650979996,-9.828280449,-9.48035717,-9.965784073,-9.587272644,-9.828280449,-9.828280449,-10.11778736,-9.48035717,-10.48035717,-8.287712097,-9.828280449,-11.2877121,-9.702750206,-10.48035717,-9.965784073,-10.2877121,-9.965784073,-10.48035717,-9.965784073,-10.11778736,-9.587272644,-10.11778736,-10.2877121,-9.828280449,-9.380822182,-10.11778736,-9.702750206,-9.702750206,-9.702750206,-10.2877121,-9.587272644,-9.48035717,-10.11778736,-9.965784073,-9.828280449,-10.48035717,-9.587272644,-9.702750206,-10.2877121,-9.702750206,-9.965784073,-10.11778736,-10.48035717,-9.828280449,-10.11778736
PKM_092 ,-7.45482254,-8.117787361,-7.930160522,-10.70275021,-8.48035717,-8.117787361,-9.380822182,-7.895394802,-9.48035717,-9.828280449,-8.429731369,-8.895395279,-9.380822182,-9.702750206,-7.333516121,-9.828280449,-10.48035717,-8.702750206,-7.930160522,-8.828280449,-9.039784431,-9.828280449,-8.965784073,-9.48035717,-9.287712097,-9.117787361,-9.287712097,-9.702750206,-8.333516121,-7.45482254,-7.097887993,-9.48035717,-8.287712097,-8.243318558,-9.380822182,-9.48035717,-9.587272644,-9.117787361,-7.429731369,-8.76415062,-9.828280449,-7.429731369,-8.895395279,-8.587272644,-9.48035717,-10.11778736,-9.48035717,-8.333516121,-9.48035717,-9.828280449,-9.702750206,-9.828280449,-8.965784073,-8.643856049,-9.828280449,-9.965784073,-9.48035717,-9.587272644,-9.587272644,-9.200249672,-9.965784073,-9.380822182,-9.287712097,-9.965784073,-8.643856049,-9.828280449,-9.828280449,-9.702750206,-9.828280449,-9.587272644,-10.48035717,-10.11778736,-9.117787361,-9.587272644,-10.11778736,-10.2877121,-8.039784431,-9.587272644,-9.48035717,-9.587272644,-9.702750206,-9.587272644,-9.587272644,-9.380822182,-9.200249672,-8.895395279,-9.587272644,-9.380822182,-9.48035717,-8.429731369,-7.45482254,-9.587272644,-10.2877121,-8.158429146,-7.532824993,-10.2877121,-8.429731369,-9.117787361,-9.48035717,-9.380822182,-10.2877121,-8.76415062,-9.380822182,-9.965784073,-10.11778736,-8.965784073,-10.2877121,-9.48035717,-9.828280449,-8.587272644,-9.380822182,-9.117787361,-7.643856049,-9.828280449,-9.587272644,-9.702750206,-9.828280449,-9.965784073,-9.702750206,-8.643856049,-9.48035717,-9.828280449,-10.2877121,-9.308667183,-8.895395279,-9.587272644,-10.11778736,-9.287712097,-10.11778736,-9.039784431,-9.287712097,-9.828280449,-9.965784073,-9.965784073,-9.587272644,-9.828280449,-9.587272644,-9.039784431,-9.587272644,-9.287712097,-9.965784073,-9.287712097,-9.702750206,-9.965784073,-9.702750206,-7.559792042,-9.380822182,-9.48035717,-9.965784073,-10.2877121,-8.965784073,-9.587272644,-9.702750206,-10.2877121,-8.965784073,-9.828280449,-9.828280449,-9.200249672,-9.039784431,-9.828280449
PLTP_118 ,-4.53951931,-5.097887993,-4.665660381,-5.993091583,-4.643856049,-4.658355713,-4.904007912,-3.925768614,-5.287712574,-5.532824993,-4.684085846,-4.542878628,-4.795859337,-4.483581543,-5.044538498,-5.405069351,-4.970299721,-4.844769001,-4.997693539,-4.921390057,-5.143054008,-4.622376442,-4.69525528,-4.921390057,-5.058893681,-5.107803345,-5.083141327,-5.107803345,-5.01624918,-4.756330967,-4.725470066,-4.243318081,-4.67300272,-5.06371069,-4.257045269,-5.740818024,-4.848920345,-4.181803703,-4.891107559,-4.601212025,-4.52948904,-4.483581543,-4.576905727,-4.993091583,-4.783886433,-4.570035934,-4.891107559,-4.392894745,-5.117787361,-4.848920345,-4.25428915,-5.168771267,-4.930160522,-5.189680099,-5.29902792,-4.943416595,-4.039784908,-4.636660576,-5.158429146,-5.132894039,-5.049307823,-4.273692131,-4.316168785,-4.934565544,-5.107803345,-4.651087761,-4.76023531,-4.117787361,-4.779917717,-5.179187775,-4.8079319,-5.049307823,-4.158429146,-4.549620152,-5.088039875,-4.67300272,-4.248793602,-4.608232021,-4.748553753,-4.676687717,-4.943416595,-4.587272644,-4.615286827,-4.432844162,-4.145605564,-4.237864017,-4.874084473,-4.608232021,-4.684085846,-4.604717731,-4.171368599,-4.633076191,-4.89969492,-5.002310276,-4.925768375,-4.811978817,-4.284897327,-4.336427689,-4.665660381,-5.039784908,-5.356975079,-4.956795216,-5.601212025,-5.117787361,-4.828280926,-4.45482254,-4.706511974,-4.549620152,-4.570035934,-4.402016163,-5.25428915,-5.107803345,-4.67300272,-5.179187775,-4.36289978,-4.752437115,-4.687799454,-5.665660381,-4.861447811,-4.832385063,-5.173970222,-6.020925999,-4.844769001,-5.078258991,-4.772012711,-4.904007912,-4.633076191,-5.073393345,-5.083141327,-4.85725975,-5.137965202,-5.102837086,-5.787866592,-5.158429146,-4.333516121,-4.965784073,-4.729291439,-5.078258991,-4.816037178,-4.772012711,-5.097887993,-3.89324975,-5.148160934,-5.137965202,-4.943416595,-4.799872398,-5.321928024,-4.583808899,-5.189680099,-5.480357647,-4.470728874,-5.002310276,-4.98850441,-5.779917717,-4.744680405,-4.791857243,-5.448508739,-4.965784073,-5.26534462,-5.710283756
PROZ_128 ,-3.310432434,-2.374074936,-1.389111042,-4.013916969,-3.582080126,-2.216249943,-2.694321394,-2.584673882,-2.099123478,-2.855170488,-2.618827343,-3.450084448,-2.311148167,-2.198924065,-1.877261043,-1.989649773,-2.59858799,-2.777937412,-2.61617136,-7.615286827,-1.348133206,-2.246053219,-1.863021255,-3.83650136,-3.676687717,-2.449296236,-2.299027681,-2.051100254,-2.542878628,-2.155855417,-2.349603176,-3.395928621,-1.373327255,-2.325539351,-1.877791166,-2.921390057,-2.376320362,-4.257045269,-2.154570103,-6.76415062,-3.486812592,-2.027969122,-3.429731369,-1.904548049,-3.349603176,-3.606473923,-2.368104219,-2.507172585,-2.198924065,-2.084976435,-1.490456223,-3.018585682,-1.834956408,-2.188364506,-1.439480662,-2.942307234,-3.950090408,-2.223643303,-1.655625939,-4.414268017,-2.488430738,-2.817053556,-1.153607011,-2.162298918,-2.254977942,-3.496549368,-5.512925148,-2,-2.213570833,-1.741300106,-2.866699457,-0.998557985,-1.209895253,-2.075824022,-1.458386064,-1.244343281,-3.068543911,-1.595968843,-1.742748022,-2.562345982,-1.767093658,-2.033274174,-2.380070448,-1.774971962,-3.2961905,-1.514985442,-2.305431843,-2.563198566,-2.088040113,-3.2961905,-0.958196342,-1.697125316,-2.075216055,-6.221623421,-1.72737956,-1.918660402,-2.921390057,-1.520769358,-1.831358075,-2.290532827,-1.774478316,-2.240588427,-3.049307585,-5.861447811,-2.115910053,-1.915935755,-1.719281197,-1.92741394,-3.056491137,-2.061300278,-3.624154329,-3.306145191,-4.006941795,-2.886832952,-3.276484966,-2.936773062,-1.98165071,-2.683159113,-2.069754601,-3.062505007,-2.808942795,-2.98850441,-4.321928024,-3.135427475,-1.782893419,-2.53199029,-4.29902792,-2.823166609,-3.077040911,-2.476337671,-2.097887754,-3.145605326,-3.402015924,-3.26534462,-1.749038339,-4.282087803,-1.954557061,-2.607352734,-2.763170719,-2.162298918,-2.16036272,-1.783390045,-3.304718733,-2.177881718,-2.340075493,-4.163590908,-2.642954826,-3.209561586,-1.815021515,-2.408129215,-1.742748022,-3.003466606,-2.259115458,-2.337156534,-3.90400815,-2.560642958,-5.566613197,-4.53951931,-2.300448418,-2.969169617
TIMP1_062 ,0.364124089,-0.371086508,-0.813499451,-0.863808632,-0.10920313,0.521754384,0.086783819,1.523361206,-0.730488062,-1.249822259,-0.879913568,0.415434122,-0.405833632,1.128755331,0.188147679,-1.301514745,-1.100669622,1.308593869,-0.355128556,-0.233277604,-1.325177789,0.336740404,0.494671643,-2.042753935,-0.887900352,-0.837790012,-0.856998503,-0.642053962,-0.999711454,-0.91702491,-0.119980656,0.177471399,0.027154127,-0.918933034,-0.302581966,-0.898081064,-0.878056288,-0.292475194,0.101918943,0.050606124,-1.050203681,-0.514985383,-0.502055585,-1.075216055,-0.640703797,-0.469529718,-0.226678759,1.12512207,-2.418118477,-0.175598726,-0.478748232,0.483570784,-1.165531516,0.490570098,-0.74492228,-0.591831625,-0.535331726,-0.021365032,-0.814513981,-1.789860487,-1.486812472,-0.207894251,-1.258770347,-1.491267204,-1.929610729,-1.109047532,-0.97029978,-1.557666779,-1.294774055,-1.242294073,-1.274738669,-1.352915764,-1.134793878,-2.186393261,-2.326262712,-2.139871597,-0.504304886,-1.351074457,-1.512925267,-1.12878716,-1.318685651,-1.344831347,-1.257390141,-1.043943286,-1.082835674,-1.111850977,-1.263265252,-0.861447573,-0.174132943,-1.019755244,-0.658583522,-0.955396116,-1.7316854,-1.866699576,-1.255322218,-1.691988587,-0.617277443,-1.560642838,-1.345564485,-1.342268586,-1.181476593,-1.29406631,0.115033172,-1.453636408,-1.663830876,-1.068846464,-1.290180087,-1.125321031,-2.130365372,-0.40678966,-2.088653564,-1.463549137,-2.11278677,-2.920297623,-1.418118596,-2.423526287,-1.821635842,-1.645209312,-1.188693404,-2.386091232,-2.234465122,-2.839596033,-1.809448361,-2.231752157,-1.962406993,-2.776948214,-2.374823093,-2.203568459,-2.337885618,-2.04453826,-1.968040228,-1.301159143,-1.308287144,-1.129102707,-1.445755005,-1.595096827,-1.499401808,-1.55681777,-0.90131104,-0.66955632,-2.124691725,-0.917842507,-1.724992871,-1.510868192,-1.782893419,-1.908875704,-1.698997736,-1.556393385,-2.672082663,-2.396688223,-1.924672842,-1.486408114,-1.804904461,-2.482774734,-1.123119593,-2.322649717,-1.393652558,-2.54371953,-2.305431843,-2.349603176
TNC_064 ,-9.587272644,-8.76415062,-8.702750206,-9.702750206,-9.287712097,-8.158429146,-9.587272644,-7.26534462,-9.587272644,-10.70275021,-9.200249672,-8.965784073,-9.587272644,-8.895395279,-7.643856049,-9.587272644,-9.965784073,-7.895394802,-8.532824516,-8.965784073,-9.287712097,-8.965784073,-8.429731369,-9.965784073,-8.380822182,-9.287712097,-8.965784073,-8.643856049,-9.828280449,-9.117787361,-8.48035717,-8.333516121,-8.643856049,-8.895395279,-7.76415062,-9.380822182,-9.287712097,-8.895395279,-8.429731369,-8.117787361,-9.828280449,-8.828280449,-9.380822182,-9.965784073,-9.48035717,-9.117787361,-8.895395279,-8.828280449,-9.587272644,-9.039784431,-9.117787361,-9.287712097,-8.828280449,-8.643856049,-9.039784431,-9.702750206,-9.587272644,-9.200249672,-9.287712097,-9.965784073,-9.828280449,-9.48035717,-10.2877121,-9.828280449,-9.48035717,-9.965784073,-9.702750206,-9.828280449,-9.702750206,-9.702750206,-10.48035717,-9.48035717,-9.48035717,-10.2877121,-9.380822182,-9.965784073,-9.828280449,-9.380822182,-9.828280449,-9.702750206,-10.48035717,-10.11778736,-10.11778736,-9.702750206,-9.200249672,-9.587272644,-10.2877121,-9.965784073,-9.587272644,-10.2877121,-10.11778736,-10.48035717,-10.70275021,-10.70275021,-9.965784073,-9.965784073,-9.287712097,-9.702750206,-10.11778736,-9.828280449,-9.039784431,-9.587272644,-9.702750206,-9.965784073,-10.48035717,-9.287712097,-10.2877121,-9.587272644,-9.828280449,-8.587272644,-10.11778736,-9.702750206,-9.702750206,-9.965784073,-9.828280449,-9.828280449,-9.965784073,-10.2877121,-10.2877121,-9.828280449,-9.965784073,-9.965784073,-9.380822182,-10.11778736,-10.11778736,-9.702750206,-9.965784073,-9.828280449,-10.48035717,-9.828280449,-10.11778736,-10.2877121,-10.2877121,-10.48035717,-10.2877121,-10.2877121,-9.965784073,-10.70275021,-9.965784073,-9.587272644,-10.48035717,-9.965784073,-10.48035717,-9.965784073,-10.70275021,-10.11778736,-10.70275021,-10.48035717,-10.2877121,-10.11778736,-10.70275021,-10.11778736,-10.70275021,-10.70275021,-10.2877121,-10.2877121,-10.70275021,-10.48035717,-10.2877121,-10.96578407
TNXB_101 ,-9.200249672,-9.200249672,-8.76415062,-9.48035717,-9.828280449,-8.828280449,-9.287712097,-9.039784431,-8.965784073,-9.587272644,-8.965784073,-9.117787361,-9.702750206,-10.48035717,-8.965784073,-9.039784431,-9.587272644,-9.287712097,-8.702750206,-9.200249672,-9.380822182,-9.380822182,-9.039784431,-9.200249672,-8.965784073,-8.828280449,-8.828280449,-8.828280449,-9.380822182,-9.039784431,-8.828280449,-9.702750206,-8.702750206,-8.965784073,-8.643856049,-9.117787361,-9.039784431,-9.200249672,-8.702750206,-9.039784431,-9.039784431,-8.965784073,-8.965784073,-9.117787361,-9.587272644,-9.287712097,-9.117787361,-8.895395279,-9.039784431,-9.200249672,-8.965784073,-9.587272644,-8.895395279,-8.76415062,-8.532824516,-9.039784431,-9.287712097,-8.380822182,-9.039784431,-8.702750206,-9.117787361,-8.532824516,-8.895395279,-8.76415062,-8.895395279,-8.48035717,-8.828280449,-8.243318558,-8.078259468,-9.117787361,-9.039784431,-9.287712097,-8.828280449,-8.965784073,-8.828280449,-8.702750206,-9.039784431,-8.76415062,-8.828280449,-8.895395279,-9.200249672,-8.380822182,-8.643856049,-8.828280449,-8.380822182,-8.287712097,-9.117787361,-8.895395279,-9.200249672,-8.643856049,-8.702750206,-9.287712097,-8.965784073,-9.117787361,-8.587272644,-8.643856049,-8.828280449,-8.702750206,-8.429731369,-8.702750206,-8.643856049,-8.828280449,-9.117787361,-8.702750206,-8.965784073,-8.429731369,-8.895395279,-9.039784431,-8.643856049,-9.287712097,-8.532824516,-8.243318558,-8.243318558,-8.380822182,-8.429731369,-8.643856049,-8.532824516,-8.895395279,-8.587272644,-8.895395279,-8.828280449,-9.039784431,-8.078259468,-8.48035717,-8.532824516,-8.380822182,-8.895395279,-8.828280449,-8.587272644,-8.587272644,-8.532824516,-8.76415062,-8.587272644,-8.895395279,-8.643856049,-8.243318558,-8.333516121,-8.702750206,-8.76415062,-8.76415062,-8.039784431,-8.333516121,-8.643856049,-8.48035717,-9.039784431,-8.895395279,-8.895395279,-8.532824516,-8.895395279,-8.333516121,-8.643856049,-7.643856049,-9.039784431,-9.117787361,-8.965784073,-8.532824516,-9.287712097,-8.48035717,-8.643856049,-8.828280449