Peptide;Welch's T-test Significant Active_Remission;p-value Active_Remission (-log10);q-value Active_Remission;Difference Active_Remission (log2 FC);Welch's T-test Significant Prag_Active_Prag_Remission;p-value Prag_Active_Prag_Remission (-log10);q-value Prag_Active_Prag_Remission;Difference Prag_Active_Prag_Remission (log2 FC);Welch's T-test Significant Berlin_Active_Berlin_Remission;p-value Berlin_Active_Berlin_Remission (-log10);q-value Berlin_Active_Berlin_Remission;Difference Berlin_Active_Berlin_Remission (log2 FC);Sample Ratios (light vs heavy spike-in);Prag_PR3_Remission_4216_P02_E05;Prag_PR3_Remission_3784_P02_E04;Prag_PR3_Remission_4855_P02_E03;Prag_PR3_Remission_5699_P02_E02;Prag_PR3_Remission_3732_P02_E01;Prag_MPO_Remission_3721_P02_D09;Prag_MPO_Remission_3733_P02_D08;Prag_MPO_Remission_3612_P02_D07;Prag_MPO_Remission_5645_P02_D06;Prag_MPO_Remission_3661_P02_D05;Prag_PR3_Active_5705_P02_D04;Prag_MPO_Active_5665_P02_D03;Prag_MPO_Active_5649_P02_D02;Prag_MPO_Active_5593_P02_D01;Prag_MPO_Active_5592_P02_C09;Prag_PR3_Active_5522_P02_C08;Prag_PR3_Active_5511_P02_C07;Prag_MPO_Active_5503_P02_C06;Prag_PR3_Active_3715_P02_C05;Prag_PR3_Active_3619_P02_C04;Prag_PR3_Active_5394_P02_C03;Prag_PR3_Remission_4711_P02_C02;Prag_MPO_Remission_4123_P02_C01;Prag_PR3_Remission_4645_P02_B09;Prag_MPO_Active_3919_P02_B08;Prag_PR3_Remission_4327_P02_B07;Prag_PR3_Active_3988_P02_B06;Prag_MPO_Remission_5711_P02_B05;Prag_MPO_Active_5279_P02_B04;Prag_MPO_Remission_5724_P02_B03;Prag_MPO_Active_5271_P02_B02;Prag_MPO_Remission_5677_P02_B01;Prag_MPO_Active_5204_P02_A09;Prag_PR3_Remission_5632_P02_A08;Prag_PR3_Active_5199_P02_A07;Prag_MPO_Remission_5537_P02_A06;Prag_MPO_Active_5194_P02_A05;Prag_MPO_Remission_5726_P02_A04;Prag_MPO_Active_5168_P02_A03;Prag_PR3_Remission_5631_P02_A02;Prag_PR3_Active_5165_P02_A01;Berlin_MPO_Remission_A20-54_P02_H09;Berlin_MPO_Remission_A20-50_P02_H08;Berlin_MPO_Remission_1827_P02_H07;Berlin_MPO_Remission_A20-32_P02_H06;Berlin_MPO_Remission_A20-31_P02_H05;Berlin_MPO_Remission_1566_P02_H04;Berlin_MPO_Remission_A20-18_P02_H03;Berlin_MPO_Remission_A20-19_P02_H02;Berlin_MPO_Remission_A18-31_P02_H01;Berlin_MPO_Remission_A21-21_P02_G09;Berlin_MPO_Remission_A20-4_P02_G08;Berlin_MPO_Remission_1803_P02_G07;Berlin_MPO_Remission_1285_P02_G06;Berlin_MPO_Remission_A21-8_P02_G05;Berlin_MPO_Remission_A21-5_P02_G04;Berlin_MPO_Remission_1533_P02_G03;Berlin_MPO_active_A20-49_P02_G02;Berlin_MPO_active_A20-44_P02_G01;Berlin_MPO_active_A20-39_P02_F09;Berlin_MPO_active_A20-38_P02_F08;Berlin_MPO_active_A20-34_P02_F07;Berlin_MPO_active_A20-36_P02_F06;Berlin_MPO_active_A20-32_P02_F05;Berlin_MPO_active_A20-24_P02_F04;Berlin_MPO_active_A20-18_P02_F03;Berlin_MPO_active_A20-19_P02_F02;Berlin_MPO_active_A19-24_P02_F01;Berlin_MPO_active_A19-21_P02_E09;Berlin_MPO_active_1808_P02_E08;Berlin_MPO_active_A20-66_P02_E07;Berlin_MPO_active_A20-58_P02_E06;Berlin_MPO_active_A20-56_P02_E05;Berlin_MPO_active_A21-15_P02_E04;Berlin_MPO_active_A21-9_P02_E03;Berlin_MPO_active_A21-7_P02_E02;Berlin_MPO_active_A21-5_P02_E01;Berlin_MPO_active_A21-2_P02_D09;Berlin_PR3_Remission_1823_P02_D08;Berlin_PR3_Remission_1760_P02_D07;Berlin_PR3_Remission_A20-51_P02_D06;Berlin_PR3_Remission_1334_P02_D05;Berlin_PR3_Remission_A20-23_P02_D04;Berlin_PR3_Remission_1833_P02_D03;Berlin_PR3_Remission_A18-28_P02_D02;Berlin_PR3_Remission_1836_P02_D01;Berlin_PR3_Remission_A20-43_P02_C09;Berlin_PR3_Remission_A20-42_P02_C08;Berlin_PR3_Remission_A20-41_P02_C07;Berlin_PR3_Remission_1868_P02_C06;Berlin_PR3_Remission_A18-8_P02_C05;Berlin_PR3_Remission_A20-37_P02_C04;Berlin_PR3_Remission_4_P02_C03;Berlin_PR3_Remission_A18-14_P02_C02;Berlin_PR3_Remission_A20-35_P02_C01;Berlin_PR3_Remission_A19-25_P02_B09;Berlin_PR3_Remission_1726_P02_B08;Berlin_PR3_Remission_A18-10_P02_B07;Berlin_PR3_Remission_A20-27_P02_B06;Berlin_PR3_Remission_A18-1_P02_B05;Berlin_PR3_Remission_A20-20_P02_B04;Berlin_PR3_Remission_1826_P02_B03;Berlin_PR3_Remission_A19-20_P02_B02;Berlin_PR3_Remission_3_P02_B01;Berlin_PR3_Remission_A20-69_P02_A09;Berlin_PR3_Remission_A20-68_P02_A08;Berlin_PR3_Remission_A20-67_P02_A07;Berlin_PR3_Remission_1286_P02_A06;Berlin_PR3_Remission_A20-28_P02_A05;Berlin_PR3_Remission_A20-63_P02_A04;Berlin_PR3_Remission_A20-60_P02_A03;Berlin_PR3_Remission_A20-57_P02_A02;Berlin_PR3_Remission_A20-55_P02_A01;Prag_MPO_Remission_5381_P01_H09;Prag_MPO_Active_5072_P01_H08;Prag_MPO_Remission_5569_P01_H07;Prag_MPO_Active_5042_P01_H06;Prag_PR3_Remission_5500_P01_H05;Prag_PR3_Active_4994_P01_H04;Prag_PR3_Remission_5099_P01_H03;Prag_PR3_Active_4746_P01_H02;Prag_MPO_Remission_5159_P01_H01;Prag_MPO_Active_4737_P01_G09;Prag_MPO_Remission_5174_P01_G08;Prag_MPO_Active_4712_P01_G07;Prag_MPO_Remission_4892_P01_G06;Prag_MPO_Active_4614_P01_G05;Prag_PR3_Remission_4883_P01_G04;Prag_PR3_Active_4592_P01_G03;Prag_MPO_Remission_4861_P01_G02;Prag_MPO_Active_4568_P01_G01;Prag_MPO_Remission_4733_P01_F09;Prag_MPO_Active_4472_P01_F08;Prag_MPO_Remission_4862_P01_F07;Prag_MPO_Active_4457_P01_F06;Prag_PR3_Remission_4940_P01_F05;Prag_PR3_Active_4422_P01_F04;Prag_MPO_Remission_4693_P01_F03;Prag_MPO_Active_4419_P01_F02;Prag_PR3_Remission_4517_P01_F01;Prag_PR3_Active_4324_P01_E09;Prag_PR3_Remission_4581_P01_E08;Prag_PR3_Active_4312_P01_E07;Prag_MPO_Remission_4631_P01_E06;Prag_MPO_Active_4308_P01_E05;Prag_PR3_Remission_4571_P01_E04;Prag_PR3_Active_4299_P01_E03;Prag_MPO_Remission_4563_P01_E02;Prag_MPO_Active_4286_P01_E01;Prag_PR3_Remission_4516_P01_D09;Prag_PR3_Active_4240_P01_D08;Prag_PR3_Remission_4664_P01_D07;Prag_PR3_Active_4232_P01_D06;Prag_PR3_Remission_4546_P01_D05;Prag_PR3_Active_4210_P01_D04;Prag_PR3_Remission_4405_P01_D03;Prag_PR3_Active_4157_P01_D02;Prag_MPO_Remission_4376_P01_D01;Prag_MPO_Active_4140_P01_C09;Prag_MPO_Remission_4407_P01_C08;Prag_MPO_Active_4117_P01_C07;Prag_PR3_Remission_4062_P01_C06;Prag_PR3_Active_3601_P01_C05;Prag_PR3_Remission_4659_P01_C04;Prag_PR3_Active_4013_P01_C03;Prag_MPO_Remission_4397_P01_C02;Prag_MPO_Active_3977_P01_C01;Prag_MPO_Remission_4191_P01_B09;Prag_MPO_Active_3827_P01_B08;Prag_MPO_Remission_4102_P01_B07;Prag_MPO_Active_3766_P01_B06;Prag_PR3_Remission_4134_P01_B05;Prag_PR3_Active_3742_P01_B04;Prag_PR3_Remission_4080_P01_B03;Prag_PR3_Active_3696_P01_B02;Prag_MPO_Remission_4030_P01_B01;Prag_MPO_Active_3635_P01_A09;Prag_MPO_Remission_4075_P01_A08;Prag_MPO_Active_3626_P01_A07;Prag_PR3_Remission_3848_P01_A06;Prag_PR3_Active_3573_P01_A05;Prag_PR3_Remission_3883_P01_A04;Prag_PR3_Active_3517_P01_A03;Prag_MPO_Remission_3781_P01_A02;Prag_MPO_Active_3516_P01_A01;Berlin_PR3_Remission_A20-30_P01_H12;Berlin_PR3_Remission_1853_P01_H11;Berlin_PR3_Remission_1763_P01_H10;Berlin_PR3_Remission_A18-21_P01_H09;Berlin_PR3_active_A20-21_P01_H08;Berlin_PR3_active_A20-52_P01_H07;Berlin_PR3_active_96_P01_H06;Berlin_PR3_active_A20-45_P01_H05;Berlin_PR3_active_A20-33_P01_H04;Berlin_PR3_active_A20-26_P01_H03;Berlin_PR3_active_A20-25_P01_H02;Berlin_PR3_active_A20-22_P01_H01;Berlin_PR3_active_A20-21_P01_G12;Berlin_PR3_active_A20-3_P01_G11;Berlin_PR3_active_A20-1_P01_G10;Berlin_PR3_active_A19-26_P01_G09;Berlin_PR3_active_A19-22_P01_G08;Berlin_PR3_active_1828_P01_G07;Berlin_PR3_active_A19-19_P01_G06;Berlin_PR3_active_A19-18_P01_G05;Berlin_PR3_active_A19-17_P01_G04;Berlin_PR3_active_141_P01_G03;Berlin_PR3_active_3_P01_G02;Berlin_PR3_active_1758_P01_G01;Berlin_PR3_active_A20-65_P01_F12;Berlin_PR3_active_1318_P01_F11;Berlin_PR3_active_A20-64_P01_F10;Berlin_PR3_active_A20-62_P01_F09;Berlin_PR3_active_A20-61_P01_F08;Berlin_PR3_active_A20-60_P01_F07;Berlin_PR3_active_A20-59_P01_F06;Berlin_PR3_active_A21-18_P01_F05;Berlin_PR3_active_A21-17_P01_F04;Berlin_PR3_active_A21-16_P01_F03;Berlin_PR3_active_A18-13_P01_F02;Berlin_PR3_active_A21-13_P01_F01;Berlin_PR3_active_A21-12_P01_E12;Berlin_PR3_active_A21-10_P01_E11;Berlin_PR3_active_A21-4_P01_E10;Berlin_PR3_active_A21-3_P01_E09;Berlin_PR3_active_A21-1_P01_E08;Berlin_MPO_active_A20-40_P01_E07;Berlin_MPO_active_A21-14_P01_E06;Berlin_MPO_active_A21-6_P01_E05
AHSG_004;significant;19,36457446;0;-0,86526061;significant;12,60171158;0;-0,849057794;significant;11,37203696;0;-0,841702041;;3,730626106;3,39994216;4,506803989;3,953254461;4,310522079;3,812416315;4,609360695;4,389071465;3,87975049;4,163203239;3,369496822;4,027023792;2,265217781;3,100279331;3,270375729;3,799488544;1,586506844;2,335497856;2,956908226;3,485454321;2,323537827;3,767809391;3,55785799;3,534943342;3,334572792;3,796595573;2,726326227;3,07997489;3,220531464;4,185554504;3,544729948;4,127445698;3,696003437;2,975733995;2,237445593;3,237384796;2,475911379;3,962746382;3,663202286;4,172275543;2,407370329;3,769976616;3,553647995;3,088830471;3,627340555;3,224530697;3,203823328;1,977300167;2,472615957;3,093548536;2,626745224;3,520847082;3,164275885;3,711440086;4,242076397;3,472450256;3,015588522;2,872300386;2,623988628;2,927651405;2,795153856;2,520709276;3,015336037;2,044924259;2,553776026;1,357257962;2,079609871;2,580790758;2,80155158;2,24814558;2,67859745;2,574015856;2,935567856;3,212858915;1,406008244;2,783397436;3,204265356;3,168389082;3,603108168;3,466226816;3,269016027;3,025027752;3,367442131;2,637854099;3,218337774;3,14795804;3,165260553;3,130256653;2,666213989;2,614952326;3,096271515;2,635255575;2,630078077;3,108913898;2,61349082;2,781774521;3,445664644;3,055783033;2,742708921;3,083615065;2,761137486;2,915976524;2,67367363;2,90154624;3,047392368;3,23532176;3,31912446;3,273931026;3,830982924;2,943974972;3,721061945;1,62380302;3,363386154;3,770724773;3,129192352;4,512951374;4,503768444;3,880675793;3,658800125;4,233045578;2,501005173;3,520540953;3,41661334;3,783010721;2,190985203;3,238798857;1,457679152;3,791891575;3,069616556;3,142541409;2,229610205;3,656280279;3,386983871;4,03211689;3,5973804;4,046010971;2,923575163;3,782598257;3,520637274;3,773958445;2,36199832;3,732889891;2,920266151;3,418499947;2,495224714;3,62262392;3,119390249;3,6391294;2,52427268;3,580435276;3,017483234;3,516561508;2,756276846;3,442546606;2,539649725;3,801832676;3,178262234;3,386758566;3,43146944;3,506370306;3,479868174;3,754889488;2,634047031;3,607859135;2,432527781;4,68276453;1,436727166;3,568023205;3,262034416;3,511740208;2,973278522;3,654806852;2,931097269;3,565536976;1,877749801;3,609216452;3,682368517;3,478480577;2,620788336;4,087763309;2,978454113;4,418140888;3,12604475;3,277643919;2,669549704;3,317872763;3,128604412;3,383425713;3,544135809;3,623352766;1,802986264;3,108458757;2,533009768;1,557439923;1,012101412;2,595969439;2,864681959;3,383277416;1,336359978;1,846335053;2,529450178;2,64005661;1,904212594;2,489757061;2,889932871;2,850252867;1,771158695;2,755480528;2,385348558;1,809911728;0,912608266;2,025389671;1,97896719;1,548125386;2,043390036;2,317840576;1,248274326;1,745532513;2,684931755;2,648292065;2,200789452;2,215186596;0,979564667;1,299970627;0,625852287;2,021253586;2,323112965;2,810206175;0,891085505
TNC_063;significant;19,31024418;0;1,077692028;significant;10,72764614;0;1,000897531;significant;11,32371495;0;1,182893533;;-5,912003994;-6,111599445;-6,663615704;-4,686968327;-6,465574265;-6,671517372;-6,269123077;-6,091309547;-5,763361454;-5,350812912;-5,05310154;-6,174675941;-5,797197342;-5,410535336;-6,006653786;-5,923737526;-4,547971249;-5,347033978;-4,508649826;-6,737177849;-4,77973175;-6,635077;-7,369907379;-6,378246307;-5,899596691;-5,60367012;-5,314331055;-6,146929741;-5,791019917;-6,048521996;-5,214181423;-5,649230957;-5,12341404;-6,703775406;-5,773146629;-6,853846073;-5,150358677;-7,118509293;-6,809586048;-6,243697166;-4,81546545;-6,083414078;-6,520250797;-7,561279774;-6,270378113;-6,755779266;-6,921351433;-6,688490868;-5,444235802;-7,009240627;-5,781857967;-6,753360271;-7,25973177;-6,716258049;-5,635130405;-6,328440189;-6,891324997;-6,083558083;-6,525143147;-6,163322926;-5,839365482;-6,360499382;-4,776802063;-5,352068424;-5,434807301;-6,682709217;-6,01218605;-5,821836472;-6,094165802;-5,548618317;-5,235305309;-4,167573929;-7,194375992;-6,951135159;-6,209848881;-7,354884624;-5,629972935;-5,678251743;-6,958096027;-5,665317059;-7,891419411;-7,599354744;-8,025428772;-7,372458458;-7,041343689;-6,087238312;-7,011865616;-7,302071571;-7,082295418;-6,893093109;-7,140081882;-8,545724869;-8,043802261;-7,341252327;-6,89136076;-6,991704464;-6,920767784;-7,662791252;-8,015670776;-7,7588377;-6,519361019;-7,945196629;-7,002271652;-6,881014824;-7,308661938;-7,070672512;-6,910861492;-6,912627697;-6,665584087;-7,988644123;-5,662938595;-8,988807678;-6,654274464;-6,751326561;-5,255244732;-6,903356075;-7,030611038;-6,956929207;-6,342022419;-6,827384949;-3,232200146;-6,212070942;-4,676773071;-6,654231548;-4,748257637;-6,194094181;-4,74709034;-5,643445492;-4,154369831;-6,601008415;-5,683453083;-5,910520077;-5,718579292;-6,156614304;-5,427784443;-6,782719612;-5,266052246;-6,721716404;-5,97191906;-7,066389561;-5,833134174;-6,307599545;-4,992428303;-6,205386639;-5,489978313;-6,494056225;-4,34606123;-7,037945271;-6,232022285;-6,167750835;-5,339212418;-5,238170147;-3,240568399;-6,241676331;-5,432512283;-6,353429317;-4,828519821;-7,105592728;-5,970081329;-7,01155138;-6,913037777;-6,181374073;-4,845644951;-6,956440449;-5,004369736;-4,87638855;-4,219453335;-7,222499847;-6,651459694;-6,790598392;-6,397253036;-7,207822323;-5,140081406;-6,296699047;-4,716377258;-6,325501442;-5,703184605;-7,363238335;-5,716149807;-6,978577137;-5,896862984;-6,372900486;-5,831525803;-6,533899784;-5,755779743;-6,851479053;-6,776189327;-7,187278271;-7,224258423;-5,929720879;-3,949394941;-5,644592762;-5,587017536;-6,345752239;-5,738860607;-7,520549297;-8,71760273;-5,506871223;-3,93825841;-6,156446457;-4,795444489;-5,979538441;-7,144042015;-5,755271912;-5,186062336;-6,303912163;-6,820739269;-6,822500706;-4,481259823;-5,191553593;-5,795859337;-6,522634983;-5,853133202;-4,386100769;-5,16564703;-4,93195343;-5,288122177;-5,083306313;-5,77873373;-7,494062424;-5,538982391;-6,591236591;-4,687190056;-5,240916252;-4,437852383;-5,325847149;-5,993638515;-5,89975071;-6,65433979
TIMP-1_058;significant;17,67029812;0;0,837249579;significant;7,386447003;0;0,67350175;significant;11,66733968;0;1,011041889;;-1,185071349;-1,033870101;-0,918713093;-0,255094737;-1,177779078;-0,626051307;-0,756193757;-0,858414829;0,311248571;-0,308974504;-1,26251936;-0,783160746;-0,852463067;-0,865220726;-0,547301531;-0,080973305;0,171767473;0,199935585;0,43594566;-1,455276966;-0,29022643;-0,93002522;-1,235649705;-1,442756891;-0,615998507;0,55375129;0,4530949;-1,031026244;-0,253221422;-0,44272083;-0,900229096;-0,240817755;0,085946657;-1,250603914;-1,132110238;-0,649301291;0,963294029;-1,449529886;-1,112105727;-0,763059855;1,196706414;-2,651752949;-0,699744761;-1,71897459;-1,026771784;-1,828837276;-1,718926549;0,131965727;-0,991938531;-0,986427367;-0,664493084;-1,289245963;-0,71646142;-1,432827592;0,217586651;-0,387573183;-1,521497011;0,385905713;-0,871463001;-0,008732741;-0,002837234;-0,342882961;0,059752908;0,955637932;-1,198386788;0,409111977;-0,435895652;0,057592362;0,829594135;0,937888563;0,372498065;0,775615215;-0,346617818;-0,378238857;-0,754204929;-0,995708883;0,146269247;-0,565068841;-0,572941959;-1,705899954;-1,658349633;-1,05924356;-1,626054525;-1,800869823;-1,463204503;-0,407685667;-1,467329383;-1,272426248;-2,160850525;-2,048232555;-1,340960741;-1,368778348;-2,116526604;-2,015407324;-1,407743454;-1,168253064;-1,119747043;-1,757638693;-0,704469144;-2,434821606;-1,914132953;-1,404770136;-0,814344943;-1,140497446;-1,441808224;-0,890328407;-1,76741159;-1,32360363;-0,459269136;-1,645503879;-1,281046271;-2,886673212;-1,677181959;-0,334897369;0,926342249;-0,082250617;-0,985220134;-0,8760373;-0,787216127;-1,101385474;0,644714355;-1,373923779;0,322740585;-1,563063264;-0,148123831;-2,053575754;0,292989552;-1,223663926;0,480611235;-1,571848154;0,57344842;-0,998417258;-0,25044468;-1,632555246;-0,409491867;-0,75669086;0,259880573;-0,622474074;-0,577886045;-1,27850306;-0,350494385;-0,689517021;0,125565916;-0,774656057;-0,488206685;-1,082965612;0,806773305;-1,489076138;-1,090709805;-0,871557236;-0,036199376;-0,704966664;0,347956389;-1,527412176;-0,264487147;-1,200784206;0,655283093;-1,432435393;-1,204277873;-1,055907845;-0,825639784;-1,319710374;-0,447315186;-1,211818218;-0,07546673;-0,797808886;-0,897519469;-1,516913533;-1,215111971;-1,376201153;-1,535378098;-1,398947001;-0,57400471;-1,265052676;-0,009437478;-0,933457434;-0,147481546;-1,685258746;-0,622561753;-0,646315515;-0,710523486;0,148871735;-1,409581661;-0,778468072;0,177272171;-1,611920238;-2,040132523;-1,844316006;-0,953190863;-1,839017034;0,601917207;-0,407477826;0,798892021;-0,647617042;0,352900267;-1,061170697;-2,510453701;-1,442031503;0,881805539;-0,459089309;-0,314430326;-0,990534246;-0,997321784;-0,970460832;-0,537856996;-0,098963536;-0,82938844;-0,640356839;-0,549544334;0,148403496;-0,419536114;-0,582978606;-0,4713673;-0,537959218;-0,558253825;0,298311383;-0,102959633;-0,118263341;-1,006274581;-0,409798682;-1,234127879;-1,788074493;-0,385922641;-0,89065218;1,518636465;0,350387424;-0,741400063;-0,733945131;-1,278091788
MRC1_073;significant;16,51785139;0;0,793140283;significant;4,703678131;0,000363636;0,503137564;significant;14,83074515;0;1,096012875;;-6,460837364;-8,596893311;-7,624387264;-8,1676054;-9,168549538;-8,581664085;-7,525697708;-9,687861443;-7,510426998;-7,662329197;-7,484854698;-8,15056324;-7,323773384;-7,819683552;-7,109168053;-7,271735191;-6,573009491;-7,126245499;-7,578555584;-8,342974663;-7,398989201;-8,258312225;-8,194024086;-8,011195183;-8,152375221;-7,634764671;-7,466670513;-7,643850327;-8,462645531;-7,853694916;-8,198394775;-7,574706078;-7,453208447;-8,282556534;-7,818900585;-7,543273449;-7,142426014;-7,779976368;-7,588885784;-8,472486496;-7,588820457;-8,647686958;-8,135185242;-8,73993206;-8,155239105;-9,058560371;-8,617001534;-6,969601154;-7,970016479;-8,159669876;-8,440196991;-8,854875565;-8,838962555;-8,649576187;-8,05945015;-7,750034332;-8,47736454;-8,318015099;-7,343595982;-7,422025681;-7,444424152;-7,921068192;-7,787623405;-7,301560879;-7,950242996;-7,068884373;-7,800243378;-7,274306774;-8,321750641;-8,104362488;-7,70151186;-6,695170879;-8,407658577;-7,834880829;-6,949017525;-8,515788078;-8,357683182;-7,887935638;-8,276581764;-8,907846451;-8,428408623;-7,998412609;-8,911679268;-9,317810059;-8,789567947;-8,554037094;-9,125099182;-9,165077209;-9,172600746;-8,296039581;-8,70125103;-8,731365204;-9,681096077;-8,943730354;-9,257357597;-8,200510025;-8,771051407;-8,754950523;-8,002571106;-9,241099358;-8,262378693;-8,738306046;-8,87528801;-8,551413536;-9,35738945;-8,761406898;-8,993178368;-8,593637466;-8,86817646;-9,089024544;-8,274877548;-9,348460197;-9,106413841;-8,766787529;-7,60243082;-7,58401823;-8,419839859;-7,820331097;-8,103627205;-8,120046616;-5,925372601;-7,704461575;-6,820600033;-8,525780678;-6,89907074;-8,509010315;-6,432941914;-8,089821815;-6,848791599;-8,242160797;-7,270748615;-7,693603516;-7,852341652;-8,472376823;-7,865142822;-8,150126457;-6,530956745;-8,132858276;-8,401823997;-8,307770729;-7,174123287;-7,183787823;-7,065364838;-7,672004223;-7,635962009;-7,91765976;-7,384324074;-7,939472198;-7,404403687;-8,015045166;-8,074219704;-6,935069561;-6,504706383;-8,196591377;-8,200838089;-7,585521221;-7,346675873;-8,489050865;-8,147703171;-8,260871887;-7,840159416;-8,549380302;-7,76518631;-7,995780945;-6,939733505;-7,775462151;-6,725371838;-8,515024185;-8,803109169;-8,44081974;-8,660509109;-8,604450226;-7,270685673;-8,182404518;-5,823732853;-8,189844131;-8,127557755;-8,528621674;-7,882970333;-7,580452442;-7,91452837;-7,935805798;-8,386380196;-7,759218693;-8,281338692;-8,318033218;-8,737241745;-10,21680641;-8,351868629;-8,770744324;-5,952858448;-7,919246197;-7,560263157;-7,653542042;-6,537423134;-8,10744381;-8,816451073;-8,816087723;-6,595324993;-6,808362484;-7,163229465;-7,959148884;-8,150238037;-8,389355659;-8,325925827;-7,524390221;-7,814538002;-8,026526451;-6,263484478;-6,01967001;-6,713344097;-8,361188889;-7,634942055;-6,352083683;-7,450518131;-6,313523293;-6,902835846;-6,557866573;-7,646211624;-8,215161324;-8,348639488;-7,645185471;-7,476775646;-7,93625164;-5,987735271;-7,995195389;-7,94152832;-7,900939941;-7,434360027
MCAM_048;significant;4,187783032;0;-0,741553564;significant;3,657741012;0;-0,946128511;significant;1,230961656;0,012307692;-0,498480545;;-4,593626976;-4,178902626;-3,014106989;-3,564457655;-3,162204981;-3,098961115;-3,481379747;-3,425189734;-3,505472183;-3,996654749;-3,703182697;-3,817692041;-9,503248215;-14,94971561;-4,079843998;-3,24139595;-4,378109932;-3,09265995;-4,380709648;-4,136585712;-4,079836845;-3,102270603;-3,813453913;-3,122111797;-4,070757389;-2,633248091;-3,62219882;-3,35494709;-3,968624115;-2,748633146;-3,252569675;-2,897029161;-3,202577591;-3,604348898;-3,650001049;-3,830227375;-3,890048265;-3,17298007;-3,792634487;-3,202666998;-4,538780212;-3,357016563;-2,927348137;-3,796947241;-3,146402836;-3,461707115;-3,179205418;-2,913389444;-3,933667421;-3,31298542;-3,530645609;-3,62016511;-3,616839409;-3,840080738;-3,19968915;-3,022084951;-2,718030691;-3,868894339;-3,521068811;-3,35999918;-3,709554672;-3,791489124;-3,491785049;-4,743826866;-5,069870472;-3,984009027;-3,720694304;-3,963740587;-4,872280121;-4,333699226;-3,656606913;-3,462638378;-6,043921947;-6,224867344;-6,703500748;-3,872795582;-3,878556967;-4,126209259;-3,426885843;-4,429852009;-4,433876514;-3,761072636;-3,979982376;-4,429391384;-4,016728401;-3,662261963;-3,782495737;-4,084462166;-4,970702648;-5,295658112;-6,092466831;-3,754755974;-4,647414684;-4,041845322;-3,874363899;-5,116134644;-7,029761791;-5,398139;-3,524735451;-8,248058319;-4,964814663;-4,070151806;-4,031160831;-4,594380856;-4,273903847;-11,11839676;-4,157469749;-5,166858673;-3,29777813;-3,320957661;-5,526375771;-5,508815289;-3,591536999;-3,214206219;-3,98845768;-3,558772564;-3,342696428;-3,503193617;-3,477803946;-3,520911694;-4,064492226;-3,204176903;-3,323425293;-2,983300447;-3,912902117;-2,968353748;-2,99657011;-3,157846451;-3,865739107;-3,317338228;-5,884906769;-2,853296518;-3,218781233;-2,934864283;-2,970889807;-3,512055397;-3,963834524;-3,356733322;-3,523775339;-3,190347195;-3,951182365;-2,553888559;-3,843983412;-3,975035191;-6,195734501;-3,37620759;-4,190838337;-3,293150663;-4,194092751;-2,930184364;-4,597070217;-3,314950228;-3,264354944;-3,104785442;-3,87057519;-3,035154343;-3,523305655;-3,825603008;-3,561993361;-3,444295645;-3,438818455;-3,220543146;-4,501920223;-3,380504608;-5,089645863;-2,526826143;-4,637452126;-3,62703824;-3,485434771;-3,747144699;-4,359376431;-3,825387239;-4,99991703;-2,935293436;-3,701956272;-3,350854874;-3,312479734;-2,863123178;-4,046002865;-3,815394878;-4,795410156;-3,012514591;-4,667379379;-3,389998674;-4,873463631;-3,396250963;-3,15058136;-5,599270821;-3,646854162;-3,846440792;-3,674994707;-3,676870346;-3,855621576;-4,629139423;-3,919787407;-4,018339634;-6,863774776;-7,882051945;-4,622376919;-3,824600697;-4,604940414;-5,892063141;-7,834403038;-7,010495663;-6,088240623;-4,018679619;-4,031345844;-3,894621134;-3,76343894;-3,568972111;-4,628134727;-5,259420872;-4,062142372;-3,675930977;-4,740028381;-4,536928177;-4,872809887;-4,509134769;-5,422772408;-4,338082314;-9,313929558;-3,848755598;-4,195779324;-4,239197731;-5,363786221;-4,613626003;-7,779463291;-9,040458679;-4,674112797
MCAM_047;significant;12,7816507;0;-0,499551877;significant;12,11448715;0;-0,587475022;significant;4,822568623;0,000333333;-0,387025758;;-3,731534719;-4,569705963;-3,586327314;-3,859404325;-3,61855793;-3,939512968;-4,031040192;-3,741534948;-4,221065044;-4,411091328;-4,841553211;-4,516849995;-4,524440289;-4,244514942;-4,481245041;-3,958357573;-5,020433426;-4,114704132;-5,089986324;-4,732429981;-4,816776752;-3,968518972;-4,703080177;-3,841462612;-4,754776478;-3,746132374;-4,487767696;-4,169539452;-4,638153553;-3,631156206;-4,008112907;-3,674933195;-4,167851925;-4,610900402;-4,49445343;-4,680719376;-4,77451849;-3,889476061;-4,592542171;-4,121258736;-5,228747845;-4,263875484;-4,258056164;-4,746824741;-4,250214577;-4,529631615;-4,13623476;-3,811519861;-4,648208618;-4,196578503;-4,578872681;-4,53995657;-4,408284187;-4,637613297;-3,578704119;-4,063732147;-3,917167902;-4,230504513;-4,351531982;-4,055822849;-4,333452225;-4,602135181;-4,286244869;-5,526793003;-5,107046604;-4,744249821;-4,559295177;-4,492629528;-4,54711771;-5,189138889;-5,087633133;-4,213075638;-5,12509203;-5,051392555;-5,429944515;-4,586679459;-4,613242626;-4,166984081;-4,392928123;-4,166048527;-4,923938751;-4,458188534;-4,824977398;-5,126935005;-4,535264969;-4,075215816;-4,843234539;-4,642680168;-4,787292004;-4,904834747;-4,687459946;-5,133844376;-5,261536598;-4,726185799;-4,561769485;-4,38884306;-4,173293114;-4,839635849;-4,335856438;-4,950286865;-5,678796291;-4,477022171;-4,496906281;-4,913582325;-4,499381065;-5,440960884;-4,70682478;-4,764610291;-3,388804197;-4,472837925;-4,921731472;-5,786200523;-4,161365986;-3,997010469;-4,836747646;-4,471926212;-4,43923378;-4,183804035;-4,569098949;-4,250266075;-4,733261585;-4,111186028;-3,951792955;-3,593815088;-4,931352615;-3,795844793;-3,921818256;-3,848228931;-4,627134323;-4,226446629;-5,198471069;-3,539268494;-3,897773027;-3,778494835;-3,601227522;-4,129504204;-4,579116344;-4,042960644;-4,284806728;-4,040803432;-4,504499435;-3,347424984;-4,459222794;-4,690496922;-5,279998302;-4,104557514;-5,022057056;-4,132001877;-5,028020859;-3,667649984;-5,343752861;-4,010997772;-4,186762333;-3,535795927;-4,610460281;-3,703583241;-4,503217697;-4,499128342;-4,277545929;-3,978512526;-4,360073566;-3,932616711;-4,94233942;-4,278961182;-5,183949471;-2,894517183;-5,278574944;-4,193755627;-4,32558012;-4,454198837;-4,880024433;-4,423688412;-4,720518589;-3,742317915;-4,242405415;-4,033996582;-4,273275852;-4,057540417;-4,342651844;-4,59131813;-4,934047222;-3,844289064;-4,727356434;-3,900470257;-5,172962189;-4,202081203;-4,033936024;-4,996731281;-4,607589245;-4,948044777;-5,018188;-4,44136858;-4,886283875;-5,154371262;-4,667955875;-4,989795208;-5,547940731;-5,073450089;-5,594771862;-4,868515968;-5,283923149;-5,594237328;-5,866205215;-5,205079556;-5,435531139;-5,029925823;-4,693219185;-4,743415356;-4,760569572;-4,70640707;-4,786159515;-5,756014347;-4,95619297;-4,421712875;-5,074288845;-4,792188644;-5,385552883;-4,658209801;-5,571940899;-4,751574516;-5,985830307;-4,599318981;-5,185677528;-5,090206146;-6,048777103;-5,113184452;-4,866899014;-5,297717094;-4,679016113
LRG1_045;significant;14,67877228;0;0,83461715;significant;4,787660153;0,000444444;0,577698669;significant;13,41577056;0;1,115690689;;-0,394741833;-0,583120942;0,124670997;0,459572583;0,091174826;0,68218267;0,097686566;0,069827668;1,028370261;0,136341736;-0,280311942;0,052036304;-0,198461637;0,510572374;-0,798795879;-0,067035034;0,027671671;1,034034252;1,290416598;-0,784842968;0,528712094;-0,114559807;-0,161066741;-0,351482987;0,826532483;0,34055835;1,588225245;-0,137117416;0,517152369;-0,278035432;-0,542006612;0,253987372;0,800100565;-0,197846845;-0,205725446;1,183017015;1,266224027;0,38431567;0,266625851;0,600127995;1,507229328;-0,690425396;0,102404103;-0,666719496;0,308663577;-0,755774379;-0,552652776;1,280428529;0,716421962;-1,23447156;-0,254624397;-0,189269722;-0,071128815;-0,779083133;0,286722302;-0,27464205;-0,401948988;0,519936502;0,109162234;0,749578774;0,591512203;-0,929331005;0,492478281;1,390352964;0,664949715;-0,146032706;0,407596856;-0,549969435;-0,257843643;1,114123106;1,509492636;0,908778071;-0,890063345;0,615057528;0,192060545;-0,54869771;0,607188642;0,691981494;-0,4124856;-1,231380582;-0,526763558;-0,79825896;-1,102382898;-2,047235489;-1,259300232;-0,252603859;-0,420567364;-1,006541491;-1,111195803;-1,275219798;-1,193595171;-0,632184803;-0,698508382;-1,369068265;-0,894709468;-0,830666125;-0,799678028;-1,711460829;-0,39025268;-1,700254917;-1,350618839;-0,1594733;-0,510614574;-0,02909174;-1,055307627;-0,779322922;-1,231402874;-0,343971699;0,085105769;-0,84153837;-0,027193356;-2,473223925;-0,429607689;0,212308466;1,594383359;0,84808284;0,14923808;0,324626118;1,337957382;0,220796913;1,929227114;-0,748183191;1,251875043;0,093554579;1,018925548;-0,3786273;1,007267833;0,410956681;2,209511518;-0,633180201;1,175221562;0,149371594;0,595904529;-0,231044799;0,190595746;-0,422329396;0,153439149;0,688628495;0,316452533;-0,608411312;0,766435206;0,880993664;1,818130732;0,099318273;-0,105821796;-0,293548554;1,851512551;-1,009410858;-0,460897416;0,410176098;1,43870759;1,932140708;2,612914562;-0,060160499;1,151176691;0,237968475;2,111992359;-0,069382749;0,798063636;-0,004778963;-0,00212047;0,169242114;0,764136195;-0,005855839;1,365106702;0,320180506;0,86389637;0,468733042;-0,148441657;-0,945359766;0,145420358;-0,431212217;0,984284878;0,33986482;0,690253258;0,957501233;1,081155181;-0,370154947;0,487930059;1,10917902;0,469472915;0,62028116;-0,148414403;0,251788527;1,17951417;0,397760928;-0,18001236;-0,831914008;-0,69874984;-0,049262576;1,867701888;1,471849918;0,470873803;0,47966373;0,243194908;-0,320818901;-0,40879488;0,074459508;0,943031311;0,626874149;0,684480369;0,819155157;-0,200637534;0,209086373;1,047145844;0,816864729;-1,255160213;0,117773712;1,655962348;1,389409304;1,073849201;0,828324616;0,150782481;1,262796879;0,118770652;0,883718252;1,283932924;0,790935576;0,878678083;0,260798544;0,340699852;-1,079759121;1,452034116;1,008114696;1,516405702;1,338053584;-0,123096317;-0,499898851;-0,50362891
LRG1_042;significant;13,09795349;0;0,907343747;significant;3,965684665;0,0004;0,640539393;significant;11,64420682;0;1,19378767;;2,556325436;2,640483379;1,402958393;2,96546936;2,751857519;2,424700975;2,474489927;2,218049765;3,186603546;1,795649171;1,875658751;2,319595337;0,84885329;2,340542316;0,893874109;2,36238575;2,823930502;3,741164684;3,76645875;2,278136015;2,831782341;3,012856483;2,19521451;2,191220284;3,347373962;3,452152014;4,374650478;2,468158484;3,263170242;2,701351643;2,288020849;2,698058128;3,368746519;1,554972649;2,614141226;3,608079433;3,114343643;3,346482754;3,403874874;3,397934437;4,349916935;2,581900597;3,048339605;1,951728582;3,241414547;2,487194777;1,728181958;3,666072369;2,971186876;1,020206928;2,805574894;3,098997593;2,914402723;1,926747918;2,665675402;2,194333553;2,102634192;3,022275448;2,392508268;3,721595049;3,128320932;1,71429646;3,398526669;3,429891109;3,659051895;2,49041152;3,805889606;2,404038906;2,596690416;3,877549648;4,20018816;3,956517696;2,048978329;2,798883677;2,392981052;1,778665066;3,933849812;3,332236052;2,379713058;1,164737582;1,954321623;2,090101957;1,131516099;0,479423672;1,896354079;2,74216795;1,743085146;1,542805314;1,605303764;1,095488667;1,886152744;1,279722452;1,601192474;0,880523205;1,403143406;1,605139017;1,425973654;1,015175939;2,210620165;1,167875171;0,601420999;2,560750246;2,034075737;2,725653172;1,302663207;1,252196074;1,25291121;1,931946516;2,728529453;1,6126405;2,256539345;-0,095469654;2,225674152;2,492179632;5,007266521;3,192419767;2,457460642;3,534007072;3,558769464;2,604544401;5,305268764;2,022325754;4,178929329;2,885154247;3,686492443;2,31690073;3,569358349;2,752355337;4,991232395;2,001805305;3,107967615;2,69439292;3,191789389;2,434298754;3,118821621;2,434640884;2,508674145;3,636051655;3,059269905;1,982210517;3,901606083;3,099771023;4,413476944;2,785357237;1,914532065;2,282426834;4,091440201;1,665937662;1,751583457;2,497952461;3,784597158;4,748997688;5,572079659;2,335608959;4,486198425;2,855267525;4,913143158;2,264431477;3,802089453;2,828863382;2,639355421;2,445957422;2,995312214;3,538846254;4,332893848;2,830378532;3,866642237;2,588239431;1,967672348;1,380643129;2,713496447;1,71387279;2,898173571;2,924239635;3,12319088;2,751389027;3,598936081;2,260996819;3,214458942;2,98958993;3,241738319;2,528812885;2,237057447;2,936701775;4,106745243;3,048803568;2,384141684;1,389596343;1,802423239;2,966485977;4,397760391;4,211927414;3,460766792;4,203999043;1,936360717;2,350734949;2,370085478;1,972147703;3,573417902;2,853854656;3,109108925;3,847066164;1,66007483;3,228357315;3,36427474;4,470501423;0,421436816;2,953697681;3,745925903;4,368013859;3,011132956;2,66331768;3,04899478;4,146406174;2,829744577;3,251647234;3,907696247;3,822194338;3,319563389;2,761354208;2,538322449;1,897225499;3,949235678;4,045362949;4,571427345;3,825858116;2,194494963;2,419715881;2,320684433
F9_027;significant;9,308489409;0;0,427097588;significant;2,295492536;0,018769231;0,236911804;significant;10,30213949;0;0,63408187;;-0,280414701;-1,042956948;-1,172590852;-0,659401834;-0,725009799;0,204966143;-0,57370156;-0,673466563;-0,090850636;-0,247135609;-0,528555214;-0,515278518;-0,441916019;-0,105857611;-0,607422352;-0,094012804;0,029756328;-0,505854309;-0,260197252;-1,160642743;-0,365046948;-0,987359941;-1,210899711;-1,00720048;-1,022698879;-0,760299504;-0,439055115;-0,850395381;-1,248798847;-0,420819789;-0,294284403;-0,792528331;-1,251546741;-0,523404181;-0,188254029;-0,072904222;0,262410462;-0,508829832;-0,487917483;-0,87782383;-0,453622073;-1,320933104;-0,629100978;-1,217035651;-1,164311171;-1,022259474;-1,898968816;-1,123615861;-0,407879591;-1,513326883;-0,875986814;-0,834686458;-0,762720466;-0,669930696;0,350179106;-0,825353146;-1,313427806;-0,620397806;-0,69154793;-0,73705256;-0,827797174;-0,201687708;-0,420256972;-0,222169712;-1,140872478;-1,401726365;-0,727910876;0,02692947;-0,956911623;-0,586601496;-0,430225611;0,023221863;-1,309366226;-0,783317506;-1,073544145;-1,433624506;-0,508716702;-0,334647596;-0,443218827;-2,169021368;-0,969203711;-0,922447562;-1,466763258;-2,324210167;-1,397450924;-0,774001837;-1,211733341;-1,518451571;-1,760147572;-1,736860394;-1,463990211;-1,382235765;-2,218224525;-1,372022152;-1,853118181;-1,617416263;-0,641055226;-1,195046902;-1,190757513;-1,348829389;-1,133123636;-1,143634439;-1,206671357;-0,864867866;-1,734016061;-1,218231797;-1,597186089;-1,243823528;-0,877839983;-1,908337712;-0,463629693;-2,44370079;-1,180972338;-1,041506886;-0,392063916;-0,036156259;-0,481269538;-0,510121763;-0,191677779;-0,862062514;0,292733759;-1,397532105;-0,25163576;-0,829351187;-0,557250321;-0,891539514;-0,163234979;-0,743914008;0,130632147;-1,164680123;-1,170519233;-0,557779729;-0,703876376;-0,715670526;-0,246798456;-0,477457255;0,036826245;-0,734054089;-0,629570544;-0,852526248;-0,255341351;0,085358992;0,34223029;-1,321040034;-0,350435048;-0,412480086;-0,238375723;-1,162705421;-1,022435546;-0,786035061;0,363868326;-0,374026895;0,205186352;-0,762891173;-0,472842067;-0,523588479;-0,272455484;-1,042264581;-0,939168215;-0,562077045;-0,743178427;-0,697484791;-0,743935764;-0,482934266;0,061479803;0,174144864;-0,409757107;-0,593988359;-0,612071037;-1,337946296;-1,307168841;-1,340938807;0,196945459;-0,705474317;-0,576123774;-0,89604938;-0,884452105;-1,980155826;-1,176849008;0,404501826;-0,242421791;-0,150694177;-1,024426818;-0,296434015;-0,795670629;-1,092533231;-1,410019398;-1,248144031;-1,171762824;-0,651924193;0,069574654;-1,255753398;0,045129724;-0,367938101;-0,587013245;-0,563522041;-1,458932996;-0,686229706;-0,6373474;-0,673013747;-0,026090983;-0,844394088;-1,301100135;-0,35695073;-0,274519831;-0,735248327;-0,448639899;-0,535086989;-1,002093792;0,051217902;-0,627121806;-0,61834681;-0,117954709;-0,553773999;-0,134125352;0,103055641;-0,825336218;-0,22535418;-0,166044548;-0,504019856;-0,422564596;-0,584867001;-0,32978335;-0,79670161;-0,519473553;-0,703687727;-1,132909894;-1,234238744;-0,907613218
F9_025;significant;6,030637602;0;0,36653946;significant;2,584774508;0,020333333;0,224639395;significant;8,940833773;0;0,546790679;;0,896499813;0,318208486;0,22327438;1,173895717;0,622665048;1,481756806;0,728604078;0,820891321;1,198529363;0,850562096;0,937383533;0,973596752;0,665290833;1,175403357;0,669256747;1,132495999;1,292237282;0,851693273;1,397123456;0,316380829;1,221970439;0,869855464;0,84115082;0,256573528;0,567882955;0,637280583;1,217525363;0,710024238;0,663887918;0,947426677;1,309453487;0,95202589;0,706314087;0,788181424;1,271534324;1,673301101;1,660902023;1,131289244;1,213724732;0,878123879;1,009844184;0,179940522;0,55622524;0,217123926;0,149011493;0,199276641;-0,65114826;-0,127242282;0,740903676;0,141261473;0,235424697;0,428991377;0,262697339;0,557863891;1,279470921;0,439792722;-0,017343285;0,251713127;0,496877432;0,665367067;0,542484045;0,717363179;0,711310804;0,864498913;0,242832035;-0,105409235;0,595954895;1,097930193;0,230084226;0,269459307;0,701619387;1,039833069;-0,161303297;0,294808358;0,123414017;-0,16503109;0,66051954;0,628920615;0,715719998;-1,073938608;0,059419394;0,329635143;-0,243882388;-1,009739399;-0,019585822;0,499362469;-0,237204567;-0,232246727;-0,493693739;-0,623111546;-0,09766335;0,036352396;-0,85232538;-0,597174525;-0,50592643;-0,188332021;0,526797473;-0,105894253;-0,021708846;-0,127836734;-0,354679197;0,118118092;-0,066085353;0,305534363;-0,193669185;-0,004524814;-0,179660425;0,098119013;0,215082362;-0,463640004;0,541927516;-1,255981088;0,255583882;0,683007538;1,134121537;1,415353417;1,228705883;1,064739943;1,357001066;0,68321532;1,903905869;0,411013216;1,356007576;0,702090979;1,035171628;0,724672794;1,241563797;1,050950646;1,573019147;0,239381909;0,413172096;1,002242446;0,847321749;1,018028498;0,975116432;0,938647866;1,418194056;0,963950276;0,814817727;0,548175991;1,168234944;1,429471254;1,700108409;0,456602335;0,985515714;0,921988547;1,228011489;0,59486866;0,447786123;0,809369266;1,45739603;1,385464668;1,941290736;0,695535123;0,836881161;0,984010398;1,643805504;0,41298908;0,739582539;0,974430025;0,786035359;0,751160502;0,93437767;0,794611573;1,606984496;1,375652194;1,210764766;1,039415598;1,089238763;0,28229028;0,223924667;0,266915768;1,246949434;0,898099601;0,982657254;0,698985994;0,822498202;-0,134915829;0,714606404;1,882241011;1,570047975;1,229406476;0,44168967;1,399189949;0,990256608;0,122995883;-0,131986558;0,326941669;-0,083195612;0,271531433;1,300777435;0,067467183;1,230699897;0,656758368;0,753153086;0,677144349;-0,221446365;0,541160941;0,739173055;0,657082438;0,925468147;0,486783475;-0,495869249;0,588528216;0,876004636;0,404487133;0,139070094;0,501972973;0,248204976;1,194951773;0,714264572;0,506557822;1,076248169;0,723013222;0,792428017;1,254482031;0,271013856;1,006452918;0,914315939;0,734917879;0,867917418;0,703693211;0,893426597;0,32799688;0,564538062;0,414966732;0,044528697;-0,165165007;-0,003364461
CRP_050;significant;26,37503601;0;3,34162097;significant;10,71652498;0;2,972584727;significant;16,43250934;0;3,712964286;;-0,902169764;-1,526382327;-0,589079142;-0,892568529;-6,785951614;-2,307938576;-3,811917543;-1,679386497;0,122206181;-0,026620736;0,369219393;-2,493537903;-4,256774426;-0,805512607;-2,141946793;-2,916674137;-0,899968624;2,754691362;3,124685049;-1,567063808;2,327091217;-3,017494917;-0,172615528;-2,41443038;-0,101508491;-2,917310476;3,509555578;-3,316559553;-1,615859747;-3,569154739;-2,307783842;-0,13506633;1,47761488;-0,630475223;-1,867078662;2,864102125;1,300084233;-1,699963808;-0,46536085;0,038996328;3,914732456;-5,126523972;-3,937444687;-3,749426603;0,67730242;-3,142327309;-1,972739577;2,452153921;1,297424436;-2,794244289;-5,653923512;-2,796277046;-1,797477722;-4,004011154;-1,741985679;-2,127130032;-3,888888359;0,821920335;-2,367330074;0,689171851;0,029626599;-3,110795259;-1,34279418;3,727088928;-2,105677843;1,312393069;0,036358766;-0,593826771;-1,749848962;1,988293052;1,801200271;0,65243715;-2,633230686;-1,834161282;-0,79889524;-3,309704542;0,415599287;1,374674439;0,303316861;-5,208480358;-1,974901676;-4,160945892;-4,288923264;-4,143594742;-4,586389065;0,425682425;-4,931180477;-6,598676205;-4,45367527;-4,303323269;-4,100295067;-2,051992416;-2,872616529;-3,680038214;-1,962002873;-3,102494955;-3,869384766;-4,498405933;-0,446838886;-5,481512547;-3,600418329;-1,981935501;-3,912501335;1,335499644;-5,750977516;-1,336826086;-4,231516361;-2,650572538;-2,730095625;-6,112683296;1,41087532;-5,124465466;-3,61881566;-3,893834114;2,757141113;-2,046357632;-2,598380327;-3,370931387;-0,05235593;-2,588753939;3,232515335;-4,031507015;1,116606236;-2,840456247;3,2185359;-5,782697201;1,396090984;-2,893707275;4,299368382;-6,454363346;2,677538157;-3,594282627;0,30408752;-3,600520849;-1,119974494;-4,780924797;-0,040036526;-0,6345945;-1,275474548;-4,076215744;1,191333055;-0,938457251;4,186268806;-2,957573414;0,10199362;-0,986846566;4,126182556;-4,287863255;-1,428630948;-3,268836021;3,06729269;2,035937548;3,639688969;-1,076396108;1,776028395;-1,008346677;4,415377617;-5,423116207;-1,161453843;-3,517750502;-3,883867979;-1,546319723;0,527829409;-2,987089157;1,562210679;-1,294408083;2,57481122;-0,488293797;-0,551894009;-4,686995029;-0,824670672;-4,174834251;2,050144911;-5,078148842;0,432028145;-2,163775682;-0,54683888;-4,83286047;-0,280344009;-1,131694555;-1,185180187;-2,09776926;-1,467592597;-1,654630899;1,777485013;-3,278500795;-3,758374214;-2,270146847;-1,610072374;0,986528695;3,148656368;3,342163324;0,431975752;1,654984355;0,392789453;-2,41828537;0,841952622;0,366361558;3,860809803;1,2923069;2,373030186;3,689474344;1,057767987;1,186630964;0,880131304;2,107272625;-2,515712976;1,7263515;2,370942116;2,551708698;1,536637306;2,621565104;0,469887465;2,483915329;0,858725071;-0,050982662;2,730973244;2,124503374;2,413148403;0,274127007;2,00013423;-1,135680437;2,589280605;1,841804028;3,96846509;2,532987595;0,573870659;-3,991815805;-1,032642841
COMP_023;significant;10,02325904;0;-0,957048665;significant;4,478448004;0;-1,113247616;significant;7,873681643;0;-0,79856896;;-4,67105341;-4,056074142;-3,489616156;-5,122056961;-4,917659283;-3,60705018;-4,927902222;-3,757549047;-3,469066381;-3,271370411;-6,22757864;-4,753212929;-4,490447998;-7,752394199;-4,18087244;-3,957431555;-7,110513687;-5,022679329;-3,289715052;-5,978322506;-4,375616074;-3,995666981;-4,509676456;-4,056864262;-3,500762701;-2,995771885;-6,224733353;-3,684153795;-4,013944149;-3,153843164;-3,917263031;-3,18472743;-3,480417728;-6,634889603;-5,276771545;-4,391034126;-4,288885117;-3,431153774;-4,258625984;-3,242268324;-3,625628233;-3,33264184;-3,227716446;-3,548397064;-4,444431782;-3,826704979;-3,803693056;-4,241322517;-5,035168648;-3,109293461;-4,132282257;-4,31083107;-3,573673487;-4,301802158;-3,708270311;-3,631789684;-3,649247408;-3,816235065;-4,279718399;-4,921412468;-4,317734241;-4,427970886;-3,709803343;-5,79980135;-5,479797363;-5,083505154;-5,056839943;-4,43032217;-4,713281155;-5,05711937;-5,414170742;-3,287199259;-4,834242344;-4,481309891;-4,679459095;-4,419695854;-4,499144554;-3,847781181;-3,582234621;-4,322321892;-4,762736797;-3,981904984;-4,460045338;-4,294406891;-4,108244896;-3,423955202;-4,184804916;-4,116109848;-4,120208263;-3,959403515;-4,07915163;-4,608473778;-4,148378372;-4,083150387;-3,90336132;-4,014899254;-4,29173851;-4,953369617;-4,639100075;-4,168212414;-5,649945736;-3,774978638;-4,002365112;-4,467154503;-3,879469156;-4,668297291;-3,940676451;-4,315608025;-3,661261082;-4,254942894;-3,750541925;-5,823174;-3,546328306;-3,500299692;-4,125318527;-4,251103401;-4,835303307;-3,719969749;-4,500669956;-2,940791607;-4,314619541;-3,738924265;-3,604749441;-3,565368652;-5,531954765;-3,66609931;-5,827674389;-3,965437889;-4,586203575;-4,51582098;-9,469220161;-2,681216478;-2,968713045;-4,246119499;-3,956807613;-3,844681501;-12,16135406;-3,789382696;-3,849108219;-3,860347986;-4,460330963;-2,501589298;-3,509555817;-4,784622669;-6,410955429;-3,58083725;-3,973362446;-2,83077383;-10,02832508;-2,769083261;-4,471353531;-4,919314861;-3,4740448;-3,738986254;-6,56758976;-3,538700581;-3,845145702;-4,468090057;-3,498008728;-3,528405428;-3,893737316;-3,689399004;-4,443994045;-4,316663265;-4,55419302;-3,256760597;-4,663147449;-5,138502598;-5,956422806;-3,772997141;-5,419298649;-5,016040325;-5,910412788;-3,58501339;-4,268156528;-3,204288721;-2,93670845;-3,763823509;-3,966082335;-4,082244396;-4,654930592;-3,003847599;-5,332326412;-3,517911911;-6,651934624;-4,282873631;-3,964689016;-4,409806728;-3,949765444;-4,258785248;-5,535127163;-4,805201054;-5,40519619;-5,244916916;-4,413451195;-4,507916451;-5,303186893;-4,19437933;-4,424816132;-5,177865505;-5,854483128;-5,520837307;-6,170129776;-4,198379517;-4,944059849;-4,553403378;-4,299556732;-5,412223816;-4,154321671;-5,089119911;-5,069968224;-6,142482758;-4,948432446;-4,784119606;-4,758311749;-4,489595413;-5,142113209;-4,771713257;-9,492843628;-4,460597515;-5,589920998;-4,915754318;-4,884544373;-5,908343792;-6,004627705;-4,585933208;-4,302246571;-4,744000912;-4,819560528
CLEC3B_020;significant;16,45454811;0;-0,597609201;significant;10,46181941;0;-0,578327838;significant;8,227779716;0;-0,596482016;;2,183546305;2,270745516;2,63862133;2,835208893;2,686079741;2,626932621;2,993490934;3,3764503;2,694722176;2,477341175;1,872619987;2,790451288;1,642382503;2,081662655;2,384245634;2,125825644;1,635547757;1,88728869;1,602035522;2,042143345;1,169444919;2,824342012;2,164736986;2,521757126;2,121995687;2,348507881;1,183511019;2,024090052;1,861637712;2,629265308;2,316717148;2,022577524;1,762168169;2,143403053;1,532385945;2,315050125;2,46248889;2,482469797;2,219183683;2,747490406;1,786984205;2,680233717;2,610129118;2,242412329;2,258511782;2,289762974;2,500086308;1,331890464;1,620135665;2,400411606;1,940259099;2,223415613;2,175523758;2,365721703;3,701997757;2,639007568;2,580580473;2,447965384;1,69517386;2,186218262;2,365532637;1,510102272;2,37519598;1,666075826;1,842833996;0,423326254;1,705178618;1,713578701;1,598013163;1,986094356;1,543240905;2,256737471;1,624030948;1,860095143;0,791565359;1,906479716;2,318296432;1,83223784;2,305822849;2,008054018;2,025562048;2,025239706;2,056694984;1,543730617;2,070719481;2,377990484;2,000281811;2,291829348;2,041013479;1,728445053;1,606792092;1,37944603;1,678970575;2,715985537;1,308609128;1,627001882;2,64807868;1,905973077;1,415649533;1,635001183;2,205950499;2,273821831;1,840524077;1,699701905;2,265067577;1,584867001;1,919175625;2,455030203;3,145986795;1,838945985;1,945196986;0,776442289;2,418071747;2,667115688;2,086100578;1,936007619;2,125157118;2,528490543;1,961694956;2,603154182;2,004460812;2,084432602;2,43069458;2,06147933;1,223953128;2,344569921;1,384005904;2,359441757;1,743121743;1,985572577;1,172547102;2,565694571;2,091469049;2,800159454;2,540122032;2,431368351;2,013489723;2,139505625;1,831195474;2,108197689;1,553238273;2,553133249;2,08733201;2,165933371;2,165513754;2,516762018;1,915257812;2,287014246;1,614180684;2,561892986;1,9137398;2,132825375;1,717106462;2,783738852;1,909107804;2,17649889;1,878612876;1,914414287;2,292763233;2,187169075;2,096572876;2,40866828;1,579133749;2,414694309;1,681084037;3,89944315;0,484594166;2,052443266;1,694676042;2,069252014;1,765184045;1,724885702;2,323112488;1,871919036;0,828123212;2,148169994;2,064792633;2,077175617;1,716824651;2,881048203;1,855961204;3,81522584;1,821587205;2,265585899;1,665972948;2,331922293;2,492420435;2,266983747;2,431352139;2,120379686;1,270166278;1,380156994;1,436346292;0,781799018;1,154700279;1,640212655;1,657639384;2,490436792;0,399837255;1,103152514;1,230020523;1,18075037;0,631401479;1,698006272;2,22901535;1,507125616;1,905564547;1,59372592;2,078523636;1,919320464;1,047840357;1,261420131;1,456581473;1,292591333;1,274892092;1,267695665;0,147186756;1,250085115;1,570733905;1,460475683;1,515747666;1,854878306;1,387450933;0,741133034;0,377836049;1,032311082;1,412489176;1,475919127;1,21751821
A1GB_113;non_significant;0,340378185;0,541428571;-0,05148321;non_significant;0,224651898;0,622666667;-0,046471187;non_significant;0,126726828;0,769066667;-0,02873489;;3,503697872;3,384253263;4,76771307;4,385487556;4,355526924;4,734579086;4,612105846;4,527931213;4,655173302;4,796369076;4,565031052;5,009259224;3,480497837;3,371901989;4,203594208;4,793803692;3,693234682;3,738197088;4,075276375;3,65144062;4,579894543;4,544754982;3,772490978;4,184549332;4,376530647;5,557991982;3,918887854;3,666445732;3,754012585;4,115896225;4,157888412;3,606874704;4,367184639;4,270036221;4,415317535;4,742621899;4,43917942;4,983824253;4,231569767;4,420969486;4,186354637;4,132267475;4,455746651;4,069159985;4,689948082;4,026055813;3,856931686;4,191390038;4,080796242;3,39400959;3,635801792;4,451387882;3,725551128;4,290824413;5,315001011;4,08630085;4,124132633;4,103180885;4,066074371;3,989049435;4,222500324;3,876977205;3,544229507;4,387542725;3,726850271;3,644573212;3,617380142;3,866377831;3,936720371;3,747843742;4,156355858;4,207957268;3,028890848;3,969524145;2,809544802;3,830804586;4,012988567;4,19674921;4,084570408;4,078904629;3,284579039;3,84259367;4,27636528;2,43759346;4,061306953;4,327351093;3,488804817;3,556014538;3,880227089;3,21087265;3,669280291;3,334803343;3,255304813;3,661194086;3,687520981;3,490433693;4,00530529;3,434267521;3,448854685;3,68964839;2,721181393;4,117461681;3,308358431;4,254758835;2,975656509;3,33794713;3,602047443;4,183946609;4,551144123;3,125989199;4,122389793;3,041692257;4,607103825;3,8641119;4,595998287;4,366899014;4,80507803;4,06751442;5,05795145;4,282754421;4,771273136;3,844292641;4,664207458;4,91655302;4,284569263;4,170394897;4,503918171;4,508802414;4,516646385;3,188660145;3,350727558;3,844134331;4,379041672;5,103572845;4,50662756;4,00719595;4,393526077;4,442540646;4,398172379;3,803617477;4,198885918;3,948323965;3,728908777;4,641784668;4,457940578;4,153900146;4,325976849;4,003285885;3,876106977;4,469584942;4,780194283;4,891504288;5,139341354;3,920008659;4,215913773;4,348683357;5,407714844;4,354208469;4,194523811;4,397357464;4,125055313;4,332175255;3,867695093;4,391264915;4,104582787;4,817442417;3,699651241;4,090198994;4,292905807;3,44259882;3,401458263;3,940994501;4,575697422;4,136797428;4,112598896;4,069243908;4,385739326;3,908409595;3,959790945;5,250744343;3,797732592;4,570421696;3,601837158;4,441077232;4,141084671;4,031647682;3,855956793;3,950862885;3,535153151;3,892308235;4,492592812;4,107393742;4,236594677;3,529610634;3,335699797;4,270342827;3,30214572;3,828180075;3,303788185;3,927692413;3,423506021;4,350883961;2,617289543;3,82220912;4,455181599;3,667247534;2,656460524;4,074986458;4,13983345;3,766441107;3,479355335;4,547091484;3,504437923;4,084050179;3,88393569;4,206011772;3,899570227;3,745624304;4,035808563;3,538475037;3,664713383;3,913668633;3,518260717;3,904742479;3,183323622;3,897957563;3,314723253;3,290537119;3,46180582
APOB_109;non_significant;0,188295666;0,644;0,03812974;non_significant;0,359173823;0,524;-0,062324238;non_significant;0,850016713;0,132;0,17473674;;1,657601476;1,05247581;1,70896256;1,32235992;1,761550069;2,759912968;1,958224058;1,580103278;1,479162812;1,038435936;1,323227525;1,237085938;1,076450109;0,571547925;1,486263752;2,145348787;1,060590506;1,205444455;1,600445151;1,018768787;1,453893781;1,550042987;1,044705391;1,115457058;1,384278417;1,726564527;1,54221642;1,151814103;1,175117016;1,499827623;1,879387498;1,626840234;1,321352482;1,254602313;1,475651145;1,504253268;1,943992376;1,519535899;1,809204817;2,221663237;1,466309428;0,933194101;1,854913712;0,953996062;1,476140738;1,438007236;0,533697367;0,437872678;1,73849988;1,691007137;0,166999251;1,332014084;0,872560561;1,303931594;0,730814874;1,222949982;1,077927232;1,040228486;1,018015862;0,872592866;0,585892379;1,081950188;2,45298934;0,825210094;0,820323586;0,923570693;0,781624138;1,236753345;1,007179618;0,416395515;0,486433029;1,733047605;1,29238534;1,558662653;0,240588278;0,655135512;0,91890806;1,640604973;0,834982514;1,053985834;0,112078488;0,939366043;0,782570481;-1,997282267;0,437606424;1,583884358;0,155616567;0,298769623;0,024633283;0,674228907;0,353654593;0,360433728;0,010522301;0,286281943;0,393093467;1,018030167;1,007798195;0,341175377;1,074564695;0,574652433;0,283079028;1,284743905;0,49661392;1,420577645;0,84484756;0,018819064;0,839824378;1,69987464;1,178643227;0,661478877;1,58874011;-0,69642508;1,897861123;1,30598402;2,172006369;1,638412237;1,430945635;1,115239263;2,148876429;1,948113084;1,888474107;1,454977274;1,793878675;0,718051791;1,249137521;1,596320748;1,913514972;1,18453145;1,291592002;0,694620371;0,836053133;1,710030913;1,407362223;2,123627663;1,881522655;2,099531889;2,081054211;1,36690402;0,759792387;1,629869223;1,766699076;1,576920152;1,829873085;0,811211228;0,565902531;2,164628506;1,904001474;1,702982545;1,258033633;1,250223756;1,231601596;1,800970316;2,25267458;1,210617661;0,848233402;2,047746897;1,423017502;1,039595604;1,79777813;1,090164423;1,71320188;1,674531817;1,424910307;1,055910826;1,800845027;1,653542995;1,266410947;1,649574995;1,890866637;1,602664948;1,114122152;0,86395967;1,195130825;2,112832785;1,638271332;1,441169858;1,687297463;1,485574603;1,571535349;2,29927659;1,56524086;2,665126085;1,538968801;2,055606127;1,019140244;1,213976145;1,007184744;0,797819734;0,639229834;1,270327568;1,636574149;0,953665316;0,97349453;0,97760582;0,213586032;1,274996042;0,591600299;1,302069545;0,326093972;1,032674313;0,215789363;0,5899809;-0,550419807;0,981359124;1,484288692;0,097405918;1,11829555;1,547472119;2,095960379;1,399826288;0,979880989;0,95696038;1,342469692;1,398323894;1,016524673;2,039378166;0,246661171;1,347319126;1,40144825;0,539702415;1,19157207;1,658571005;1,954797745;0,395634681;-0,457972199;-0,036054246;0,756629944;0,415002853;0,372513056